﻿<?xml version="1.0" encoding="utf-8"?>
<DataTypeDescriptor dataTypeId="e3bde1bb-c1a7-416d-ace5-da54a80c8844" name="Case" namespace="Composite.StarterSite.Data" title="Case" hasCustomPhysicalSortOrder="false" isCodeGenerated="true" cachable="true" labelFieldName="Name" typeManagerTypeName="Composite.StarterSite.Data.Case">
  <DataAssociations />
  <DataScopes>
    <DataScopeIdentifier name="public" />
    <DataScopeIdentifier name="administrated" />
  </DataScopes>
  <KeyPropertyNames>
    <KeyPropertyName name="Id" />
  </KeyPropertyNames>
  <SuperInterfaces>
    <SuperInterface type="Composite.Data.ProcessControlled.IProcessControlled,Composite" />
    <SuperInterface type="Composite.Data.ProcessControlled.IPublishControlled,Composite" />
    <SuperInterface type="Composite.Data.ProcessControlled.ILocalizedControlled,Composite" />
    <SuperInterface type="Composite.Data.IPageData,Composite" />
    <SuperInterface type="Composite.Data.IPageMetaData,Composite" />
  </SuperInterfaces>
  <Fields>
    <DataFieldDescriptor id="b217a80a-6d77-4e4b-8bac-52890da2cc27" name="Name" isNullable="false" position="0" groupByPriority="0" inherited="false" instanceType="System.String, mscorlib, Version=4.0.0.0, Culture=neutral, PublicKeyToken=b77a5c561934e089" storeType="PhysicalStoreType='String'Length='256'" isReadOnly="false" defaultValue="ValueType='String'Value=''">
      <FormRenderingProfile label="Name" helpText="" widgetFunctionMarkup="&lt;f:widgetfunction xmlns:f=&quot;http://www.composite.net/ns/function/1.0&quot; name=&quot;Composite.Widgets.String.TextBox&quot; /&gt;" />
      <ValidationFunctionMarkups />
    </DataFieldDescriptor>
    <DataFieldDescriptor id="ceefaef3-3795-4472-b111-5d17f1194e64" name="Description" isNullable="true" position="1" groupByPriority="0" inherited="false" instanceType="System.String, mscorlib, Version=4.0.0.0, Culture=neutral, PublicKeyToken=b77a5c561934e089" storeType="PhysicalStoreType='LargeString'" isReadOnly="false">
      <FormRenderingProfile label="Description" helpText="" widgetFunctionMarkup="&lt;f:widgetfunction xmlns:f=&quot;http://www.composite.net/ns/function/1.0&quot; name=&quot;Composite.Widgets.String.TextArea&quot; /&gt;" />
      <ValidationFunctionMarkups />
    </DataFieldDescriptor>
    <DataFieldDescriptor id="482ca191-ec2c-4c97-981e-4cb15e648c62" name="Image" isNullable="true" position="2" groupByPriority="0" inherited="false" instanceType="System.String, mscorlib, Version=4.0.0.0, Culture=neutral, PublicKeyToken=b77a5c561934e089" storeType="PhysicalStoreType='String'Length='2048'" isReadOnly="false" foreignKeyReferenceTypeName="Composite.Data.Types.IImageFile,Composite">
      <FormRenderingProfile label="Image" helpText="" widgetFunctionMarkup="&lt;f:widgetfunction xmlns:f=&quot;http://www.composite.net/ns/function/1.0&quot; name=&quot;Composite.Widgets.ImageSelector&quot;&gt;&lt;f:param name=&quot;Required&quot; value=&quot;False&quot; /&gt;&lt;/f:widgetfunction&gt;" />
      <ValidationFunctionMarkups />
    </DataFieldDescriptor>
    <DataFieldDescriptor id="9724b646-bf3d-4586-af0e-8552a84b7149" name="Link" isNullable="true" position="3" groupByPriority="0" inherited="false" instanceType="System.String, mscorlib, Version=4.0.0.0, Culture=neutral, PublicKeyToken=b77a5c561934e089" storeType="PhysicalStoreType='String'Length='1024'" isReadOnly="false">
      <FormRenderingProfile label="Link" helpText="" widgetFunctionMarkup="&lt;f:widgetfunction xmlns:f=&quot;http://www.composite.net/ns/function/1.0&quot; name=&quot;Composite.Widgets.String.UrlComboBox&quot; /&gt;" />
      <ValidationFunctionMarkups />
    </DataFieldDescriptor>
    <DataFieldDescriptor id="3fac7d5d-3e40-4558-b082-ef1fb6a6d407" name="Featured" isNullable="false" position="4" groupByPriority="0" inherited="false" instanceType="System.Boolean, mscorlib, Version=4.0.0.0, Culture=neutral, PublicKeyToken=b77a5c561934e089" storeType="PhysicalStoreType='Boolean'" isReadOnly="false" newInstanceDefaultFieldValue="&lt;f:function xmlns:f=&quot;http://www.composite.net/ns/function/1.0&quot; name=&quot;Composite.Constant.Boolean&quot;&gt;&lt;f:param name=&quot;Constant&quot; value=&quot;True&quot; /&gt;&lt;/f:function&gt;" defaultValue="ValueType='Boolean'Value='False'">
      <FormRenderingProfile label="Featured" helpText="" widgetFunctionMarkup="&lt;f:widgetfunction xmlns:f=&quot;http://www.composite.net/ns/function/1.0&quot; name=&quot;Composite.Widgets.Bool.CheckBox&quot; /&gt;" />
      <ValidationFunctionMarkups />
    </DataFieldDescriptor>
    <DataFieldDescriptor id="fab1cf0c-66b0-11dc-a47e-cf6356d89593" name="PublicationStatus" isNullable="false" position="50" groupByPriority="0" inherited="true" instanceType="System.String, mscorlib, Version=4.0.0.0, Culture=neutral, PublicKeyToken=b77a5c561934e089" storeType="PhysicalStoreType='String'Length='64'" isReadOnly="false" defaultValue="ValueType='String'Value=''">
      <FormRenderingProfile />
      <ValidationFunctionMarkups />
    </DataFieldDescriptor>
    <DataFieldDescriptor id="0456ebb0-7fb1-46cd-9a23-4ae9aa3337fa" name="SourceCultureName" isNullable="false" position="1000" groupByPriority="0" inherited="true" instanceType="System.String, mscorlib, Version=4.0.0.0, Culture=neutral, PublicKeyToken=b77a5c561934e089" storeType="PhysicalStoreType='String'Length='16'" isReadOnly="false" defaultValue="ValueType='String'Value=''">
      <FormRenderingProfile />
      <ValidationFunctionMarkups />
    </DataFieldDescriptor>
    <DataFieldDescriptor id="f6df85e4-c577-49e5-acd9-8be8958736d6" name="Id" isNullable="false" position="1000" groupByPriority="0" inherited="true" instanceType="System.Guid, mscorlib, Version=4.0.0.0, Culture=neutral, PublicKeyToken=b77a5c561934e089" storeType="PhysicalStoreType='Guid'" isReadOnly="false">
      <FormRenderingProfile />
      <ValidationFunctionMarkups />
    </DataFieldDescriptor>
    <DataFieldDescriptor id="f641ec01-75bb-49ec-b02a-969d6be59a5f" name="PageId" isNullable="false" position="1000" groupByPriority="0" inherited="true" instanceType="System.Guid, mscorlib, Version=4.0.0.0, Culture=neutral, PublicKeyToken=b77a5c561934e089" storeType="PhysicalStoreType='Guid'" isReadOnly="false" foreignKeyReferenceTypeName="Composite.Data.Types.IPage,Composite">
      <FormRenderingProfile />
      <ValidationFunctionMarkups />
    </DataFieldDescriptor>
    <DataFieldDescriptor id="b2a5ee23-848d-4d0b-a801-fdf68f9f899e" name="FieldName" isNullable="false" position="1000" groupByPriority="0" inherited="true" instanceType="System.String, mscorlib, Version=4.0.0.0, Culture=neutral, PublicKeyToken=b77a5c561934e089" storeType="PhysicalStoreType='String'Length='128'" isReadOnly="false">
      <FormRenderingProfile />
      <ValidationFunctionMarkups />
    </DataFieldDescriptor>
  </Fields>
</DataTypeDescriptor>