﻿<?xml version="1.0" encoding="utf-8"?>
<DataTypeDescriptor dataTypeId="6b78cfc9-d40a-4564-837f-f7beb7d0c28b" name="Group" namespace="Composite.Lists.Profiles" title="Profile Groups" hasCustomPhysicalSortOrder="false" isCodeGenerated="true" cachable="false" labelFieldName="Title" typeManagerTypeName="Composite.Lists.Profiles.Group">
  <DataAssociations />
  <DataScopes>
    <DataScopeIdentifier name="public" />
  </DataScopes>
  <KeyPropertyNames>
    <KeyPropertyName name="Id" />
  </KeyPropertyNames>
  <SuperInterfaces>
    <SuperInterface type="Composite.Data.ProcessControlled.ILocalizedControlled,Composite" />
    <SuperInterface type="Composite.Data.ProcessControlled.IProcessControlled,Composite" />
  </SuperInterfaces>
  <Fields>
    <DataFieldDescriptor id="2fd878fe-91d2-49ac-81f4-aaf1a7c19804" name="Id" isNullable="false" position="-1" groupByPriority="0" inherited="false" instanceType="System.Guid, mscorlib, Version=4.0.0.0, Culture=neutral, PublicKeyToken=b77a5c561934e089" storeType="PhysicalStoreType='Guid'" isReadOnly="false">
      <FormRenderingProfile />
      <ValidationFunctionMarkups />
    </DataFieldDescriptor>
    <DataFieldDescriptor id="eca1f0c7-8a9a-4548-9560-8d83fa7011c2" name="Title" isNullable="false" position="0" groupByPriority="0" inherited="false" instanceType="System.String, mscorlib, Version=4.0.0.0, Culture=neutral, PublicKeyToken=b77a5c561934e089" storeType="PhysicalStoreType='String'Length='128'" isReadOnly="false" defaultValue="ValueType='String'Value=''">
      <FormRenderingProfile label="Title" helpText="" widgetFunctionMarkup="&lt;f:widgetfunction xmlns:f=&quot;http://www.composite.net/ns/function/1.0&quot; name=&quot;Composite.Widgets.String.TextBox&quot; /&gt;" />
      <ValidationFunctionMarkups />
    </DataFieldDescriptor>
    <DataFieldDescriptor id="0456ebb0-7fb1-46cd-9a23-4ae9aa3337fa" name="SourceCultureName" isNullable="false" position="1000" groupByPriority="0" inherited="true" instanceType="System.String, mscorlib, Version=4.0.0.0, Culture=neutral, PublicKeyToken=b77a5c561934e089" storeType="PhysicalStoreType='String'Length='16'" isReadOnly="false" defaultValue="ValueType='String'Value=''">
      <FormRenderingProfile />
      <ValidationFunctionMarkups />
    </DataFieldDescriptor>
  </Fields>
</DataTypeDescriptor>