﻿<?xml version="1.0" encoding="utf-8"?>
<DataTypeDescriptor dataTypeId="40063ed1-d547-4aff-ad58-f0bb68d571ac" name="IFlowInformation" namespace="Composite.Data.Types" hasCustomPhysicalSortOrder="false" isCodeGenerated="false" cachable="false" labelFieldName="Id" typeManagerTypeName="Composite.Data.Types.IFlowInformation,Composite">
  <DataAssociations />
  <DataScopes>
    <DataScopeIdentifier name="public" />
  </DataScopes>
  <KeyPropertyNames>
    <KeyPropertyName name="Id" />
  </KeyPropertyNames>
  <SuperInterfaces />
  <Fields>
    <DataFieldDescriptor id="375703f5-33aa-45c7-b3b1-401726a9a98c" name="Id" isNullable="false" position="1000" groupByPriority="0" inherited="false" instanceType="System.Guid, mscorlib, Version=4.0.0.0, Culture=neutral, PublicKeyToken=b77a5c561934e089" storeType="PhysicalStoreType='Guid'" isReadOnly="false">
      <FormRenderingProfile />
    </DataFieldDescriptor>
    <DataFieldDescriptor id="829cc401-e0d0-427b-9dcd-4ad19e6fbcb3" name="Username" isNullable="false" position="1000" groupByPriority="0" inherited="false" instanceType="System.String, mscorlib, Version=4.0.0.0, Culture=neutral, PublicKeyToken=b77a5c561934e089" storeType="PhysicalStoreType='String'Length='64'" isReadOnly="false" foreignKeyReferenceTypeName="Composite.Data.Types.IUser,Composite">
      <FormRenderingProfile />
    </DataFieldDescriptor>
    <DataFieldDescriptor id="57af5100-f625-4640-a418-bc149a22b718" name="ConsoleId" isNullable="false" position="1000" groupByPriority="0" inherited="false" instanceType="System.String, mscorlib, Version=4.0.0.0, Culture=neutral, PublicKeyToken=b77a5c561934e089" storeType="PhysicalStoreType='String'Length='64'" isReadOnly="false">
      <FormRenderingProfile />
    </DataFieldDescriptor>
    <DataFieldDescriptor id="5c389a14-b2c6-494e-a14b-1e1e38ecffdd" name="SerializedFlowToken" isNullable="false" position="1000" groupByPriority="0" inherited="false" instanceType="System.String, mscorlib, Version=4.0.0.0, Culture=neutral, PublicKeyToken=b77a5c561934e089" storeType="PhysicalStoreType='LargeString'" isReadOnly="false">
      <FormRenderingProfile />
    </DataFieldDescriptor>
    <DataFieldDescriptor id="9432e3d8-8c66-47dd-b71d-a9d5c84e855c" name="SerializedEntityToken" isNullable="false" position="1000" groupByPriority="0" inherited="false" instanceType="System.String, mscorlib, Version=4.0.0.0, Culture=neutral, PublicKeyToken=b77a5c561934e089" storeType="PhysicalStoreType='LargeString'" isReadOnly="false">
      <FormRenderingProfile />
    </DataFieldDescriptor>
    <DataFieldDescriptor id="d2ae7893-4c3b-419a-8bc3-5387457aa9e4" name="SerializedActionToken" isNullable="false" position="1000" groupByPriority="0" inherited="false" instanceType="System.String, mscorlib, Version=4.0.0.0, Culture=neutral, PublicKeyToken=b77a5c561934e089" storeType="PhysicalStoreType='LargeString'" isReadOnly="false">
      <FormRenderingProfile />
    </DataFieldDescriptor>
    <DataFieldDescriptor id="af38ef8b-34fa-4d42-b49b-e427259e00f3" name="TimeStamp" isNullable="false" position="1000" groupByPriority="0" inherited="false" instanceType="System.DateTime, mscorlib, Version=4.0.0.0, Culture=neutral, PublicKeyToken=b77a5c561934e089" storeType="PhysicalStoreType='DateTime'" isReadOnly="false">
      <FormRenderingProfile />
    </DataFieldDescriptor>
  </Fields>
</DataTypeDescriptor>