﻿<?xml version="1.0" encoding="utf-8"?>
<DataTypeDescriptor dataTypeId="b831fee3-fb55-44be-b00d-034bbd83574f" name="IFolderWhiteList" namespace="Composite.Data.Types" hasCustomPhysicalSortOrder="false" isCodeGenerated="false" cachable="false" typeManagerTypeName="Composite.Data.Types.IFolderWhiteList,Composite">
  <DataAssociations />
  <DataScopes>
    <DataScopeIdentifier name="administrated" />
  </DataScopes>
  <KeyPropertyNames>
    <KeyPropertyName name="KeyName" />
    <KeyPropertyName name="TildeBasedPath" />
  </KeyPropertyNames>
  <SuperInterfaces />
  <Fields>
    <DataFieldDescriptor id="cb0bb5a7-c1fe-47a1-bfb4-6565bc9ffd4d" name="KeyName" isNullable="false" position="1000" groupByPriority="0" inherited="false" instanceType="System.String, mscorlib, Version=4.0.0.0, Culture=neutral, PublicKeyToken=b77a5c561934e089" storeType="PhysicalStoreType='String'Length='128'" isReadOnly="false">
      <FormRenderingProfile />
    </DataFieldDescriptor>
    <DataFieldDescriptor id="d03415bd-ec41-4a57-8072-59e0a761f113" name="TildeBasedPath" isNullable="false" position="1000" groupByPriority="0" inherited="false" instanceType="System.String, mscorlib, Version=4.0.0.0, Culture=neutral, PublicKeyToken=b77a5c561934e089" storeType="PhysicalStoreType='String'Length='512'" isReadOnly="false">
      <FormRenderingProfile />
    </DataFieldDescriptor>
  </Fields>
</DataTypeDescriptor>