﻿<?xml version="1.0" encoding="utf-8"?>
<DataTypeDescriptor dataTypeId="c447589f-b6de-4f52-a520-f20e05ba2db5" name="IGeneratedTypeWhiteList" namespace="Composite.Data.Types" hasCustomPhysicalSortOrder="false" isCodeGenerated="false" cachable="false" typeManagerTypeName="Composite.Data.Types.IGeneratedTypeWhiteList,Composite">
  <DataAssociations />
  <DataScopes>
    <DataScopeIdentifier name="administrated" />
  </DataScopes>
  <KeyPropertyNames>
    <KeyPropertyName name="TypeManagerTypeName" />
  </KeyPropertyNames>
  <SuperInterfaces />
  <Fields>
    <DataFieldDescriptor id="60243ca2-7b4a-4982-a7cf-d7557ffe611e" name="TypeManagerTypeName" isNullable="false" position="1000" groupByPriority="0" inherited="false" instanceType="System.String, mscorlib, Version=4.0.0.0, Culture=neutral, PublicKeyToken=b77a5c561934e089" storeType="PhysicalStoreType='String'Length='256'" isReadOnly="false">
      <FormRenderingProfile />
    </DataFieldDescriptor>
  </Fields>
</DataTypeDescriptor>