﻿<?xml version="1.0" encoding="utf-8"?>
<DataTypeDescriptor dataTypeId="f0101d4e-2ec2-4d24-b0bd-be367dc7c3e1" name="IPageMetaDataDefinition" namespace="Composite.Data.Types" hasCustomPhysicalSortOrder="false" isCodeGenerated="false" cachable="false" typeManagerTypeName="Composite.Data.Types.IPageMetaDataDefinition,Composite">
  <DataAssociations />
  <DataScopes>
    <DataScopeIdentifier name="public" />
  </DataScopes>
  <KeyPropertyNames>
    <KeyPropertyName name="Id" />
  </KeyPropertyNames>
  <SuperInterfaces />
  <Fields>
    <DataFieldDescriptor id="c30e50f4-64bf-46a8-b8c9-a8f8ca62c74d" name="Id" isNullable="false" position="1000" groupByPriority="0" inherited="false" instanceType="System.Guid, mscorlib, Version=4.0.0.0, Culture=neutral, PublicKeyToken=b77a5c561934e089" storeType="PhysicalStoreType='Guid'" isReadOnly="false" defaultValue="ValueType='NewGuid'">
      <FormRenderingProfile />
    </DataFieldDescriptor>
    <DataFieldDescriptor id="5c8a6831-8b94-424c-90c7-7c9385e5db7c" name="DefiningItemId" isNullable="false" position="1000" groupByPriority="0" inherited="false" instanceType="System.Guid, mscorlib, Version=4.0.0.0, Culture=neutral, PublicKeyToken=b77a5c561934e089" storeType="PhysicalStoreType='Guid'" isReadOnly="false">
      <FormRenderingProfile />
    </DataFieldDescriptor>
    <DataFieldDescriptor id="8b421e9f-f0b5-4d27-b1e9-87d6814eac0f" name="Name" isNullable="false" position="1000" groupByPriority="0" inherited="false" instanceType="System.String, mscorlib, Version=4.0.0.0, Culture=neutral, PublicKeyToken=b77a5c561934e089" storeType="PhysicalStoreType='String'Length='128'" isReadOnly="false">
      <FormRenderingProfile />
    </DataFieldDescriptor>
    <DataFieldDescriptor id="3838006a-88d1-485f-8ed6-46e14e6a738b" name="Label" isNullable="false" position="1000" groupByPriority="0" inherited="false" instanceType="System.String, mscorlib, Version=4.0.0.0, Culture=neutral, PublicKeyToken=b77a5c561934e089" storeType="PhysicalStoreType='String'Length='256'" isReadOnly="false">
      <FormRenderingProfile />
    </DataFieldDescriptor>
    <DataFieldDescriptor id="9ea6fea8-b2e7-4f44-a5f5-0169123cec77" name="MetaDataContainerId" isNullable="false" position="1000" groupByPriority="0" inherited="false" instanceType="System.Guid, mscorlib, Version=4.0.0.0, Culture=neutral, PublicKeyToken=b77a5c561934e089" storeType="PhysicalStoreType='Guid'" isReadOnly="false" foreignKeyReferenceTypeName="Composite.Data.Types.ICompositionContainer,Composite">
      <FormRenderingProfile />
    </DataFieldDescriptor>
    <DataFieldDescriptor id="1ad2b5f6-f5ae-496a-b9fa-47bf5e90f5f2" name="MetaDataTypeId" isNullable="false" position="1000" groupByPriority="0" inherited="false" instanceType="System.Guid, mscorlib, Version=4.0.0.0, Culture=neutral, PublicKeyToken=b77a5c561934e089" storeType="PhysicalStoreType='Guid'" isReadOnly="false">
      <FormRenderingProfile />
    </DataFieldDescriptor>
    <DataFieldDescriptor id="8ac8520e-97b9-4f58-b9a4-d5ed33c482ec" name="StartLevel" isNullable="false" position="1000" groupByPriority="0" inherited="false" instanceType="System.Int32, mscorlib, Version=4.0.0.0, Culture=neutral, PublicKeyToken=b77a5c561934e089" storeType="PhysicalStoreType='Integer'" isReadOnly="false">
      <FormRenderingProfile />
    </DataFieldDescriptor>
    <DataFieldDescriptor id="c76c80e0-c8df-4a7b-8931-d3c3b229f44e" name="Levels" isNullable="false" position="1000" groupByPriority="0" inherited="false" instanceType="System.Int32, mscorlib, Version=4.0.0.0, Culture=neutral, PublicKeyToken=b77a5c561934e089" storeType="PhysicalStoreType='Integer'" isReadOnly="false">
      <FormRenderingProfile />
    </DataFieldDescriptor>
  </Fields>
</DataTypeDescriptor>