﻿<?xml version="1.0" encoding="utf-8"?>
<DataTypeDescriptor dataTypeId="776694c8-0074-45fd-9358-41d61113ea34" name="IPageTypeParentRestriction" namespace="Composite.Data.Types" hasCustomPhysicalSortOrder="false" isCodeGenerated="false" cachable="false" typeManagerTypeName="Composite.Data.Types.IPageTypeParentRestriction,Composite">
  <DataAssociations />
  <DataScopes>
    <DataScopeIdentifier name="public" />
  </DataScopes>
  <KeyPropertyNames>
    <KeyPropertyName name="Id" />
  </KeyPropertyNames>
  <SuperInterfaces />
  <Fields>
    <DataFieldDescriptor id="e0595abc-1207-49d2-ba53-8055e8f4d851" name="Id" isNullable="false" position="1000" groupByPriority="0" inherited="false" instanceType="System.Guid, mscorlib, Version=4.0.0.0, Culture=neutral, PublicKeyToken=b77a5c561934e089" storeType="PhysicalStoreType='Guid'" isReadOnly="false">
      <FormRenderingProfile />
    </DataFieldDescriptor>
    <DataFieldDescriptor id="42e5c8e5-9528-4c6f-94bd-dfa77f8d5fb7" name="PageTypeId" isNullable="false" position="1000" groupByPriority="0" inherited="false" instanceType="System.Guid, mscorlib, Version=4.0.0.0, Culture=neutral, PublicKeyToken=b77a5c561934e089" storeType="PhysicalStoreType='Guid'" isReadOnly="false" foreignKeyReferenceTypeName="Composite.Data.Types.IPageType,Composite">
      <FormRenderingProfile />
    </DataFieldDescriptor>
    <DataFieldDescriptor id="4668d87f-245d-4dbb-bfd0-2f09ddb7cd64" name="AllowedParentPageTypeId" isNullable="false" position="1000" groupByPriority="0" inherited="false" instanceType="System.Guid, mscorlib, Version=4.0.0.0, Culture=neutral, PublicKeyToken=b77a5c561934e089" storeType="PhysicalStoreType='Guid'" isReadOnly="false" foreignKeyReferenceTypeName="Composite.Data.Types.IPageType,Composite">
      <FormRenderingProfile />
    </DataFieldDescriptor>
  </Fields>
</DataTypeDescriptor>