﻿<?xml version="1.0" encoding="utf-8"?>
<DataTypeDescriptor dataTypeId="37a346a5-8776-4765-9d57-a3f2cd8e459d" name="IPageTypeMetaDataTypeLink" namespace="Composite.Data.Types" hasCustomPhysicalSortOrder="false" isCodeGenerated="false" cachable="false" labelFieldName="Name" typeManagerTypeName="Composite.Data.Types.IPageTypeMetaDataTypeLink,Composite">
  <DataAssociations />
  <DataScopes>
    <DataScopeIdentifier name="public" />
  </DataScopes>
  <KeyPropertyNames>
    <KeyPropertyName name="Id" />
  </KeyPropertyNames>
  <SuperInterfaces />
  <Fields>
    <DataFieldDescriptor id="b186c166-9ea7-489a-befe-e576fe7e3ff9" name="Id" isNullable="false" position="1000" groupByPriority="0" inherited="false" instanceType="System.Guid, mscorlib, Version=4.0.0.0, Culture=neutral, PublicKeyToken=b77a5c561934e089" storeType="PhysicalStoreType='Guid'" isReadOnly="false">
      <FormRenderingProfile />
    </DataFieldDescriptor>
    <DataFieldDescriptor id="6f0fd511-fa79-486e-a371-afc7a3e6c614" name="PageTypeId" isNullable="false" position="1000" groupByPriority="0" inherited="false" instanceType="System.Guid, mscorlib, Version=4.0.0.0, Culture=neutral, PublicKeyToken=b77a5c561934e089" storeType="PhysicalStoreType='Guid'" isReadOnly="false" foreignKeyReferenceTypeName="Composite.Data.Types.IPageType,Composite">
      <FormRenderingProfile />
    </DataFieldDescriptor>
    <DataFieldDescriptor id="bcd3927d-d166-431d-936f-1b6843b91e82" name="DataTypeId" isNullable="false" position="1000" groupByPriority="0" inherited="false" instanceType="System.Guid, mscorlib, Version=4.0.0.0, Culture=neutral, PublicKeyToken=b77a5c561934e089" storeType="PhysicalStoreType='Guid'" isReadOnly="false">
      <FormRenderingProfile />
    </DataFieldDescriptor>
    <DataFieldDescriptor id="8bd9bedf-9677-4415-a3dd-e7bbd0a14286" name="Name" isNullable="false" position="1000" groupByPriority="0" inherited="false" instanceType="System.String, mscorlib, Version=4.0.0.0, Culture=neutral, PublicKeyToken=b77a5c561934e089" storeType="PhysicalStoreType='String'Length='128'" isReadOnly="false">
      <FormRenderingProfile />
    </DataFieldDescriptor>
  </Fields>
</DataTypeDescriptor>