﻿<?xml version="1.0" encoding="utf-8"?>
<DataTypeDescriptor dataTypeId="fb2eae51-1214-491d-8174-3a99df90dffa" name="IVisualFunction" namespace="Composite.Data.Types" hasCustomPhysicalSortOrder="false" isCodeGenerated="false" cachable="false" typeManagerTypeName="Composite.Data.Types.IVisualFunction,Composite">
  <DataAssociations />
  <DataScopes>
    <DataScopeIdentifier name="public" />
  </DataScopes>
  <KeyPropertyNames>
    <KeyPropertyName name="Id" />
  </KeyPropertyNames>
  <SuperInterfaces />
  <Fields>
    <DataFieldDescriptor id="f8678ec3-fa5a-4141-9c93-130c93a49413" name="Id" isNullable="false" position="1000" groupByPriority="0" inherited="false" instanceType="System.Guid, mscorlib, Version=4.0.0.0, Culture=neutral, PublicKeyToken=b77a5c561934e089" storeType="PhysicalStoreType='Guid'" isReadOnly="false">
      <FormRenderingProfile />
    </DataFieldDescriptor>
    <DataFieldDescriptor id="6ced428c-6190-4176-9e6d-c6dbcf9bd4c3" name="Name" isNullable="false" position="1000" groupByPriority="0" inherited="false" instanceType="System.String, mscorlib, Version=4.0.0.0, Culture=neutral, PublicKeyToken=b77a5c561934e089" storeType="PhysicalStoreType='String'Length='256'" isReadOnly="false">
      <FormRenderingProfile />
    </DataFieldDescriptor>
    <DataFieldDescriptor id="d6e1d464-1343-4f08-ab97-759d7dd1eb80" name="Namespace" isNullable="false" position="1000" groupByPriority="0" inherited="false" instanceType="System.String, mscorlib, Version=4.0.0.0, Culture=neutral, PublicKeyToken=b77a5c561934e089" storeType="PhysicalStoreType='String'Length='512'" isReadOnly="false">
      <FormRenderingProfile />
    </DataFieldDescriptor>
    <DataFieldDescriptor id="a40492ca-beb9-43cb-83ca-082889575a36" name="Description" isNullable="false" position="1000" groupByPriority="0" inherited="false" instanceType="System.String, mscorlib, Version=4.0.0.0, Culture=neutral, PublicKeyToken=b77a5c561934e089" storeType="PhysicalStoreType='String'Length='512'" isReadOnly="false">
      <FormRenderingProfile />
    </DataFieldDescriptor>
    <DataFieldDescriptor id="4737cce8-9302-438a-87b0-df28c974dc57" name="TypeManagerName" isNullable="false" position="1000" groupByPriority="0" inherited="false" instanceType="System.String, mscorlib, Version=4.0.0.0, Culture=neutral, PublicKeyToken=b77a5c561934e089" storeType="PhysicalStoreType='String'Length='256'" isReadOnly="false">
      <FormRenderingProfile />
    </DataFieldDescriptor>
    <DataFieldDescriptor id="fe3d5717-8f42-48e8-a089-ad431bea1708" name="XhtmlTemplate" isNullable="false" position="1000" groupByPriority="0" inherited="false" instanceType="System.String, mscorlib, Version=4.0.0.0, Culture=neutral, PublicKeyToken=b77a5c561934e089" storeType="PhysicalStoreType='LargeString'" isReadOnly="false">
      <FormRenderingProfile />
    </DataFieldDescriptor>
    <DataFieldDescriptor id="92479348-53b0-410d-8200-b3c6d7afe54e" name="MaximumItemsToList" isNullable="false" position="1000" groupByPriority="0" inherited="false" instanceType="System.Int32, mscorlib, Version=4.0.0.0, Culture=neutral, PublicKeyToken=b77a5c561934e089" storeType="PhysicalStoreType='Integer'" isReadOnly="false">
      <FormRenderingProfile />
    </DataFieldDescriptor>
    <DataFieldDescriptor id="3e41ce01-166f-41fb-a0fa-93eb5e3391da" name="OrderbyFieldName" isNullable="false" position="1000" groupByPriority="0" inherited="false" instanceType="System.String, mscorlib, Version=4.0.0.0, Culture=neutral, PublicKeyToken=b77a5c561934e089" storeType="PhysicalStoreType='String'Length='64'" isReadOnly="false">
      <FormRenderingProfile />
    </DataFieldDescriptor>
    <DataFieldDescriptor id="790b0f2e-cab7-4eea-9eb2-5e49c8de7575" name="OrderbyAscending" isNullable="false" position="1000" groupByPriority="0" inherited="false" instanceType="System.Boolean, mscorlib, Version=4.0.0.0, Culture=neutral, PublicKeyToken=b77a5c561934e089" storeType="PhysicalStoreType='Boolean'" isReadOnly="false" defaultValue="ValueType='Boolean'Value='True'">
      <FormRenderingProfile />
    </DataFieldDescriptor>
  </Fields>
</DataTypeDescriptor>