﻿<?xml version="1.0" encoding="utf-8"?>
<DataTypeDescriptor dataTypeId="572c9c36-f1a8-4f21-b6d5-cd60c36c0b88" name="TopLink" namespace="Layout.Navigation" title="Top links" hasCustomPhysicalSortOrder="false" isCodeGenerated="true" cachable="true" labelFieldName="Page" typeManagerTypeName="Layout.Navigation.TopLink">
  <DataAssociations />
  <DataScopes>
    <DataScopeIdentifier name="public" />
  </DataScopes>
  <KeyPropertyNames>
    <KeyPropertyName name="Id" />
  </KeyPropertyNames>
  <SuperInterfaces>
    <SuperInterface type="Composite.Data.ProcessControlled.IProcessControlled,Composite" />
    <SuperInterface type="Composite.Data.ProcessControlled.ILocalizedControlled,Composite" />
    <SuperInterface type="Composite.Data.IPageData,Composite" />
    <SuperInterface type="Composite.Data.IPageFolderData,Composite" />
  </SuperInterfaces>
  <Fields>
    <DataFieldDescriptor id="56e290ab-e552-4164-a35e-aaa933282e64" name="Page" isNullable="false" position="0" groupByPriority="0" inherited="false" instanceType="System.Guid, mscorlib, Version=4.0.0.0, Culture=neutral, PublicKeyToken=b77a5c561934e089" storeType="PhysicalStoreType='Guid'" isReadOnly="false" defaultValue="ValueType='Guid'Value='00000000-0000-0000-0000-000000000000'" foreignKeyReferenceTypeName="Composite.Data.Types.IPage,Composite">
      <FormRenderingProfile label="Page" helpText="Page to include in the top links section." widgetFunctionMarkup="&lt;f:widgetfunction xmlns:f=&quot;http://www.composite.net/ns/function/1.0&quot; name=&quot;Composite.Widgets.DataReference.PageSelector&quot; label=&quot;&quot; bindingsourcename=&quot;&quot;&gt;&lt;f:helpdefinition xmlns:f=&quot;http://www.composite.net/ns/function/1.0&quot; helptext=&quot;&quot; /&gt;&lt;/f:widgetfunction&gt;" />
      <ValidationFunctionMarkups />
    </DataFieldDescriptor>
    <DataFieldDescriptor id="34a29c48-c2b5-44b2-b2df-ff36c6461e3c" name="Icon" isNullable="false" position="1" groupByPriority="0" inherited="false" instanceType="System.String, mscorlib, Version=4.0.0.0, Culture=neutral, PublicKeyToken=b77a5c561934e089" storeType="PhysicalStoreType='LargeString'" isReadOnly="false" defaultValue="ValueType='String'Value=''">
      <FormRenderingProfile label="Icon" helpText="The icon to represent the link. The icon is used on mobile devices" widgetFunctionMarkup="&lt;f:widgetfunction xmlns:f=&quot;http://www.composite.net/ns/function/1.0&quot; name=&quot;Composite.Widgets.String.FontIconSelector&quot;&gt;&lt;f:param xmlns:f=&quot;http://www.composite.net/ns/function/1.0&quot; name=&quot;ClassNameOptions&quot;&gt;&lt;f:function xmlns:f=&quot;http://www.composite.net/ns/function/1.0&quot; name=&quot;Widgets.FontIconSelector.GetIconsNames&quot; /&gt;&lt;/f:param&gt;&lt;f:param name=&quot;StylesheetPath&quot; value=&quot;~/Frontend/Styles/font-awesome/font-awesome.css&quot; /&gt;&lt;f:param name=&quot;ClassNamePrefix&quot; value=&quot;fa fa-&quot; /&gt;&lt;/f:widgetfunction&gt;" />
      <ValidationFunctionMarkups />
    </DataFieldDescriptor>
    <DataFieldDescriptor id="d8fb791b-cfb3-407b-882b-69d528669397" name="AlwaysUseIcon" isNullable="false" position="2" groupByPriority="0" inherited="false" instanceType="System.Boolean, mscorlib, Version=4.0.0.0, Culture=neutral, PublicKeyToken=b77a5c561934e089" storeType="PhysicalStoreType='Boolean'" isReadOnly="false" newInstanceDefaultFieldValue="&lt;f:function xmlns:f=&quot;http://www.composite.net/ns/function/1.0&quot; name=&quot;Composite.Constant.Boolean&quot;&gt;&lt;f:param name=&quot;Constant&quot; value=&quot;True&quot; /&gt;&lt;/f:function&gt;" defaultValue="ValueType='Boolean'Value='False'">
      <FormRenderingProfile label="Always use icon" helpText="The icon is used on mobile devices. If you also want the icon to be used on desktops (normal PCs) select this option. Otherwise the page title will be used." widgetFunctionMarkup="&lt;f:widgetfunction xmlns:f=&quot;http://www.composite.net/ns/function/1.0&quot; name=&quot;Composite.Widgets.Bool.CheckBox&quot; /&gt;" />
      <ValidationFunctionMarkups />
    </DataFieldDescriptor>
    <DataFieldDescriptor id="bb709059-ae2f-416d-b42f-3ae39e07d795" name="Position" isNullable="false" position="3" groupByPriority="0" inherited="false" instanceType="System.Int32, mscorlib, Version=4.0.0.0, Culture=neutral, PublicKeyToken=b77a5c561934e089" storeType="PhysicalStoreType='Integer'" isReadOnly="false" defaultValue="ValueType='Integer'Value='0'">
      <FormRenderingProfile label="Position" helpText="Top links are ordered by this value - lowest values first." widgetFunctionMarkup="&lt;f:widgetfunction xmlns:f=&quot;http://www.composite.net/ns/function/1.0&quot; name=&quot;Composite.Widgets.Integer.TextBox&quot; label=&quot;&quot; bindingsourcename=&quot;&quot;&gt;&lt;f:helpdefinition xmlns:f=&quot;http://www.composite.net/ns/function/1.0&quot; helptext=&quot;&quot; /&gt;&lt;/f:widgetfunction&gt;" />
      <ValidationFunctionMarkups />
    </DataFieldDescriptor>
    <DataFieldDescriptor id="0456ebb0-7fb1-46cd-9a23-4ae9aa3337fa" name="SourceCultureName" isNullable="false" position="1000" groupByPriority="0" inherited="true" instanceType="System.String, mscorlib, Version=4.0.0.0, Culture=neutral, PublicKeyToken=b77a5c561934e089" storeType="PhysicalStoreType='String'Length='16'" isReadOnly="false" defaultValue="ValueType='String'Value=''">
      <FormRenderingProfile />
      <ValidationFunctionMarkups />
    </DataFieldDescriptor>
    <DataFieldDescriptor id="f6df85e4-c577-49e5-acd9-8be8958736d6" name="Id" isNullable="false" position="1000" groupByPriority="0" inherited="true" instanceType="System.Guid, mscorlib, Version=4.0.0.0, Culture=neutral, PublicKeyToken=b77a5c561934e089" storeType="PhysicalStoreType='Guid'" isReadOnly="false">
      <FormRenderingProfile />
      <ValidationFunctionMarkups />
    </DataFieldDescriptor>
    <DataFieldDescriptor id="f641ec01-75bb-49ec-b02a-969d6be59a5f" name="PageId" isNullable="false" position="1000" groupByPriority="0" inherited="true" instanceType="System.Guid, mscorlib, Version=4.0.0.0, Culture=neutral, PublicKeyToken=b77a5c561934e089" storeType="PhysicalStoreType='Guid'" isReadOnly="false" foreignKeyReferenceTypeName="Composite.Data.Types.IPage,Composite">
      <FormRenderingProfile />
      <ValidationFunctionMarkups />
    </DataFieldDescriptor>
  </Fields>
</DataTypeDescriptor>