﻿<?xml version="1.0" encoding="utf-8"?>
<PackageInstaller xmlns="http://www.composite.net/ns/management/packageinstaller/1.0">
  <PackageFragmentUninstallers>
    <Add uninstallerType="Composite.Core.PackageSystem.PackageFragmentInstallers.FilePackageFragmentUninstaller,Composite">
      <Files xmlns="">
        <File filename="~\Bin\WebGrease.dll" />
        <File filename="~\Bin\Composite.Web.BundlingAndMinification.dll" />
        <File filename="~\App_Data\Razor\Composite\Web\BundlingAndMinification.cshtml" />
        <File filename="~\Bin\Antlr3.Runtime.dll" />
        <File filename="~\Bin\System.Web.Optimization.dll" />
      </Files>
    </Add>
    <Add uninstallerType="Composite.Core.PackageSystem.PackageFragmentInstallers.FileXslTransformationPackageFragmentUninstaller,Composite">
      <XslFiles xmlns="">
        <XslFile pathXml="~/Web.config" installXsl="~\Web.config\Install.xsl" uninstallXsl="~\Web.config\Uninstall.xsl" />
      </XslFiles>
    </Add>
  </PackageFragmentUninstallers>
</PackageInstaller>