﻿<?xml version="1.0" encoding="utf-8"?>
<UserPermissionDefinitionPermissionTypeElementsElements>
  <UserPermissionDefinitionPermissionTypeElements Id="39ebe25a-51d5-43ee-aeb9-70890102927d" UserPermissionDefinitionId="8fc27cfc-cce3-4ba8-8a62-10698dcdde45" PermissionTypeName="Configure" />
  <UserPermissionDefinitionPermissionTypeElements Id="3fd99480-02f7-453a-9ccb-142d054054a0" UserPermissionDefinitionId="8fc27cfc-cce3-4ba8-8a62-10698dcdde45" PermissionTypeName="Publish" />
  <UserPermissionDefinitionPermissionTypeElements Id="4face790-7375-454a-a6f2-ae1d15c01eb7" UserPermissionDefinitionId="8fc27cfc-cce3-4ba8-8a62-10698dcdde45" PermissionTypeName="Add" />
  <UserPermissionDefinitionPermissionTypeElements Id="50f139a9-e58a-451c-93c8-a153f9992b52" UserPermissionDefinitionId="8fc27cfc-cce3-4ba8-8a62-10698dcdde45" PermissionTypeName="Delete" />
  <UserPermissionDefinitionPermissionTypeElements Id="849c77e0-eaae-4c93-ad8e-2f28ab2f8677" UserPermissionDefinitionId="8fc27cfc-cce3-4ba8-8a62-10698dcdde45" PermissionTypeName="Edit" />
  <UserPermissionDefinitionPermissionTypeElements Id="dc7241c4-8984-4c9b-bda2-ba4dbfb03e50" UserPermissionDefinitionId="8fc27cfc-cce3-4ba8-8a62-10698dcdde45" PermissionTypeName="Administrate" />
  <UserPermissionDefinitionPermissionTypeElements Id="dfc3fc91-a0c4-4098-afd4-eb9dbcc71486" UserPermissionDefinitionId="8fc27cfc-cce3-4ba8-8a62-10698dcdde45" PermissionTypeName="Read" />
  <UserPermissionDefinitionPermissionTypeElements Id="edc3bae6-f3c7-4f3f-8fc2-7e7a44e06d3e" UserPermissionDefinitionId="8fc27cfc-cce3-4ba8-8a62-10698dcdde45" PermissionTypeName="Approve" />
</UserPermissionDefinitionPermissionTypeElementsElements>