﻿<?xml version="1.0" encoding="utf-8"?>
<MediaFileDataElementsElements>
  <MediaFileDataElements Id="038441ad-4b72-4da6-9bb6-e39edd4ed013" FolderPath="/Copenhagen" FileName="Business_life_in_Copenhagen__Photographer_Tuala Hjarnoe.jpg" Title="Business life in Copenhagen" Description="Copenhagen: Combining work and family life is a different experience and a pleasantly positive surprise for many – and highly appealing to professionals. In Copenhagen you can have a career that is on track as well as a fulfilling family life. &#xA;Photographer: Tuala Hjarnø. &#xA;For terms of use please visit http://www.copenhagenmediacenter.com/" CultureInfo="en-US" MimeType="image/jpeg" Length="123909" CreationTime="2012-08-21T17:39:44-04:00" LastWriteTime="2012-08-21T19:59:19-04:00" />
  <MediaFileDataElements Id="05637cb3-be1a-432f-bffe-5ef5c0661ea5" FolderPath="/Copenhagen" FileName="Sunset_at_Tisvilde__Beach_Photographer_Christian_Alsing.jpg" Title="Sunset at Tisvilde Beach" Description="Copenhagen: A visit to one of the region's tempting beaches is a feast for all the senses, with the wide skies, the wind in your hair and the taste of salt on your skin. &#xA;Photographer: Christian Alsing. &#xA;For terms of use please visit http://www.copenhagenmediacenter.com/" CultureInfo="en-US" MimeType="image/jpeg" Length="186390" CreationTime="2012-08-21T17:39:44-04:00" LastWriteTime="2012-08-21T20:09:48-04:00" />
  <MediaFileDataElements Id="095aa120-7bf5-412a-b4ee-be9d3a1773c9" FolderPath="/Copenhagen" FileName="Louisiana_museum__Kids_make_their_own_art__Photographer_Ty_Stange.jpg" Title="Louisiana museum - kids make their own art" Description="Copenhagen: The Louisiana Museum of Modern Art, located directly on the shore of the Øresund Sound in Humlebæk, north of Copenhagen, is the most visited art museum in Denmark with an extensive permanent collection of modern and contemporary art as well as a comprehensive programme of special exhibitions. &#xA;Photographer: Ty Stange. &#xA;For terms of use please visit http://www.copenhagenmediacenter.com/" CultureInfo="en-US" MimeType="image/jpeg" Length="208689" CreationTime="2012-08-21T17:39:44-04:00" LastWriteTime="2012-08-21T20:05:49-04:00" />
  <MediaFileDataElements Id="0b11c288-5432-4482-a776-3eb0ac9ad437" FolderPath="/Copenhagen" FileName="Restaurant_Jacobsen__Photographer_Morten_Bjarnhof.jpg" Title="Restaurant Jacobsen" Description="Copenhagen: The exclusive restaurant named after the designer Arne Jacobsen is situated north of Copenhagen by the sea. &#xA;Photographer: Morten Bjarnhof. &#xA;For terms of use please visit http://www.copenhagenmediacenter.com/" CultureInfo="en-US" MimeType="image/jpeg" Length="118011" CreationTime="2012-08-21T17:39:44-04:00" LastWriteTime="2012-08-21T20:11:18-04:00" />
  <MediaFileDataElements Id="199240bd-3166-496c-b2d1-a676f642ec26" FolderPath="/Copenhagen" FileName="Finn_Juhls_House__Ordrupgaard__Photographer_Anders_Sune_Berg.jpg" Title="Finn Juhl's House - Ordrupgaard" Description="Copenhagen: Finn Juhl’s own house is a textbook example of his project as an architect and as a furniture designer. It is composed of two blocks standing at right-angles to each other and joined by an entrance hall which opens to the garden. In one block is a large living room and a small study, while the second block houses the kitchen, dining room, bedrooms and bathroom. &#xA;Photographer: Anders Sune Berg. &#xA;For terms of use please visit http://www.copenhagenmediacenter.com/" CultureInfo="en-US" MimeType="image/jpeg" Length="203446" CreationTime="2012-08-21T17:39:44-04:00" LastWriteTime="2012-08-21T20:05:17-04:00" />
  <MediaFileDataElements Id="1a607c2f-77fe-4ffc-9d14-30b83a94e081" FolderPath="/Composite.Community.Profiles" FileName="Profiles-1.jpg" Title="" Description="" CultureInfo="en-US" MimeType="image/jpeg" Length="16654" CreationTime="2014-04-11T12:47:51-04:00" LastWriteTime="2014-04-11T12:49:40-04:00" />
  <MediaFileDataElements Id="2a402f8c-a108-4b72-8e8e-0a6ef95b8637" FolderPath="/Office" FileName="2.jpg" Title="2" Description="" CultureInfo="en-US" MimeType="image/jpeg" Length="230720" CreationTime="2014-03-21T10:27:43-04:00" LastWriteTime="2014-03-21T10:27:43-04:00" />
  <MediaFileDataElements Id="2d3da31a-9b96-48d0-845b-478fb6203d2e" FolderPath="/Copenhagen" FileName="Thorvaldsens_Museum__Photographer_Christian_Alsing.jpg" Title="Thorvaldsen Museum" Description="Copenhagen: This frisky, Classicistic building was the first museum building in Denmark open for the common people of Copenhagen. The museum displays the works of Bertel Thorvaldsen who lived in Rome for nearly forty years, and built up a reputation as a world-famous sculptor. &#xA;Photographer: Christian Alsing. &#xA;For terms of use please visit http://www.copenhagenmediacenter.com/" CultureInfo="en-US" MimeType="image/jpeg" Length="140150" CreationTime="2012-08-21T17:39:44-04:00" LastWriteTime="2012-08-21T20:15:15-04:00" />
  <MediaFileDataElements Id="2ddf8982-ba9e-4f6a-a1df-bbc07016dddb" FolderPath="/Copenhagen" FileName="The_Black_Diamond__Photographer_Nicolai_Perjesi.jpg" Title="The Black Diamond" Description="Copenhagen: Night-time view at the Royal Library. &#xA;Photographer: Nicolai Perjesi. &#xA;For terms of use please visit http://www.copenhagenmediacenter.com/" CultureInfo="en-US" MimeType="image/jpeg" Length="139960" CreationTime="2012-08-21T17:39:44-04:00" LastWriteTime="2012-08-21T20:11:58-04:00" />
  <MediaFileDataElements Id="2eb8ffd9-81b9-49fe-a573-c76b255f2f49" FolderPath="/Office" FileName="8.jpg" Title="8" Description="" CultureInfo="en-US" MimeType="image/jpeg" Length="220041" CreationTime="2014-03-21T10:27:43-04:00" LastWriteTime="2014-03-21T10:27:43-04:00" />
  <MediaFileDataElements Id="370eca2e-e434-4b1b-9e57-5087a7831b12" FolderPath="/Copenhagen" FileName="Bicycles_crossing_the_bridge__Photographer_Mikael_Colville-Andersen.jpg" Title="Bicycles crossing the bridge" Description="Copenhagen: The bridge connecting Islands Brygge and Kalvebod Brygge. &#xA;Photographer: Mikael Colville-Andersen. &#xA;For terms of use please visit http://www.copenhagenmediacenter.com/" CultureInfo="en-US" MimeType="image/jpeg" Length="132376" CreationTime="2012-08-21T17:39:43-04:00" LastWriteTime="2012-08-21T19:57:27-04:00" />
  <MediaFileDataElements Id="38a5e297-bc3d-4190-be7a-789a925ca64e" FolderPath="/Copenhagen" FileName="Canalboat_and_boat_rental_at_Christianshavn_canal__Photographer_Ty_Stange.jpg" Title="Canalboat and  boat rental at  Christianshavn canal" Description="Copenhagen: On a sunny day one of the best things to do in Copenhagen is to take a canal boat around the canals of Copenhagen like this boat is at Christianshavn Canal. The boats leave either from the Gammel strand or Nyhavn (New Haven) from morning till late afternoon every day. &#xA;Photographer: Ty Stange. &#xA;For terms of use please visit http://www.copenhagenmediacenter.com/" CultureInfo="en-US" MimeType="image/jpeg" Length="248886" CreationTime="2012-08-21T17:39:44-04:00" LastWriteTime="2012-08-21T20:00:20-04:00" />
  <MediaFileDataElements Id="393eeb79-ec4b-4a36-ab03-1b71e17112e2" FolderPath="/Composite.Community.Profiles" FileName="Profiles-2.jpg" Title="" Description="" CultureInfo="en-US" MimeType="image/jpeg" Length="12478" CreationTime="2014-04-11T12:48:00-04:00" LastWriteTime="2014-04-11T12:48:00-04:00" />
  <MediaFileDataElements Id="3d5c94e6-b0a9-4226-9514-48cdd7d50139" FolderPath="/Copenhagen" FileName="Nightlife__Photographer_Nicolai_Perjesi.jpg" Title="Nightlife" Description="Copenhagen: Cocktails and a night out in Copenhagen a la Sex and the City. &#xA;Photographer: Nicolai Perjesi. &#xA;For terms of use please visit http://www.copenhagenmediacenter.com/" CultureInfo="en-US" MimeType="image/jpeg" Length="103698" CreationTime="2012-08-21T17:39:44-04:00" LastWriteTime="2012-08-21T20:06:15-04:00" />
  <MediaFileDataElements Id="43aa8b6b-6406-418d-a155-c3acdb63a42f" FolderPath="/Office" FileName="3.jpg" Title="3" Description="" CultureInfo="en-US" MimeType="image/jpeg" Length="562467" CreationTime="2014-03-21T10:27:43-04:00" LastWriteTime="2014-03-21T10:27:43-04:00" />
  <MediaFileDataElements Id="49f6bd2f-9477-4bfe-8abf-a162c1935643" FolderPath="/Office" FileName="9.jpg" Title="9" Description="" CultureInfo="en-US" MimeType="image/jpeg" Length="209215" CreationTime="2014-03-21T10:27:43-04:00" LastWriteTime="2014-03-21T10:27:43-04:00" />
  <MediaFileDataElements Id="5034385a-014e-4cbe-b032-00dc490b9d19" FolderPath="/Copenhagen" FileName="The_Lakes_at_night__Photographer_Cees_van_Roeden.jpg" Title="The Lakes at night" Description="Copenhagen: The four lakes of Copenhagen, delimit the city center and are part of the old city boundary. Today, the lakes serve as a nice place to rest or go jogging. &#xA;Photographer: Cees Van Roeden. &#xA;For terms of use please visit http://www.copenhagenmediacenter.com/" CultureInfo="en-US" MimeType="image/jpeg" Length="117942" CreationTime="2012-08-21T17:39:44-04:00" LastWriteTime="2012-08-21T20:14:45-04:00" />
  <MediaFileDataElements Id="68d15a7c-6afb-4849-afa8-df2873e219d9" FolderPath="/Copenhagen" FileName="Oesterbro__Photographer_Kasper_Thye.jpg" Title="Østerbro" Description="Copenhagen: Copenhageners love to relax and enjoy a coffee at the lakes. On the Østerbro side of the lakes several cafes have nice outdoor spots with a beautiful lake view. &#xA;Photographer: Kasper Thye. &#xA;For terms of use please visit http://www.copenhagenmediacenter.com/" CultureInfo="en-US" MimeType="image/jpeg" Length="312483" CreationTime="2012-08-21T17:39:44-04:00" LastWriteTime="2012-08-21T20:08:29-04:00" />
  <MediaFileDataElements Id="693bee77-c208-4e1b-9597-cd43414891a0" FolderPath="/Copenhagen" FileName="Christiania_3__Photographer_Ty_Stange.jpg" Title="Christiania" Description="Copenhagen: The Free Town Christiania, is one of the most popular tourist attractions in Copenhagen - maybe because of the unique and relaxed atmosphere and its buildings which often is one of a kind. &#xA;Photographer: Ty Stange. &#xA;For terms of use please visit http://www.copenhagenmediacenter.com/" CultureInfo="en-US" MimeType="image/jpeg" Length="342643" CreationTime="2012-08-21T17:39:44-04:00" LastWriteTime="2012-08-21T20:01:23-04:00" />
  <MediaFileDataElements Id="6aee4108-9475-4cd0-99c8-319a8bdf477f" FolderPath="/Copenhagen" FileName="Ny_Carlsberg_Glyptotek__Photographer_Ty_Stange.jpg" Title="Ny Carlsberg Glyptotek" Description="Copenhagen: Ny Carlsberg Glyptotek is a museum of ancient and modern art of international stature in the centre of Copenhagen, which houses over 10.000 works of art from the Mediterranean cradle of Western culture and from Denmark and France of the 19th and 20th centuries. &#xA;Photographer: Ty Stange. &#xA;For terms of use please visit http://www.copenhagenmediacenter.com/" CultureInfo="en-US" MimeType="image/jpeg" Length="162432" CreationTime="2012-08-21T17:39:44-04:00" LastWriteTime="2012-08-21T20:07:49-04:00" />
  <MediaFileDataElements Id="6f268676-6109-469e-9f74-797fc6a06ab6" FolderPath="/Copenhagen" FileName="Christiania_1__Photographer_Ty_Stange.jpg" Title="Christiania" Description="Copenhagen: The Free Town Christiania, is one of the most popular tourist attractions in Copenhagen - maybe because of the unique and relaxed atmosphere and its buildings which often is one of a kind. &#xA;Photographer: Ty Stange. &#xA;For terms of use please visit http://www.copenhagenmediacenter.com/" CultureInfo="en-US" MimeType="image/jpeg" Length="334290" CreationTime="2012-08-21T17:39:44-04:00" LastWriteTime="2012-08-21T20:01:05-04:00" />
  <MediaFileDataElements Id="6f94d001-4a10-476e-abec-fa86fdbb9a3c" FolderPath="/Copenhagen" FileName="City_of_bikes_2__Photographer_Nicolai_Perjesi.jpg" Title="City of bikes" Description="Copenhagen: 36 percent of all Copenhageners use bicycles to go to work, school, university, and the city offers more than 300 km of bicycle paths. And the popular &quot;free token bikes&quot; give the visitors an opportunity to get around on two wheels most of the year. &#xA;Photographer: Nicolai Perjesi. &#xA;For terms of use please visit http://www.copenhagenmediacenter.com/" CultureInfo="en-US" MimeType="image/jpeg" Length="188864" CreationTime="2012-08-21T17:39:44-04:00" LastWriteTime="2012-08-21T20:03:15-04:00" />
  <MediaFileDataElements Id="70125800-cd41-4eb0-844e-bf32c0f7c080" FolderPath="/Copenhagen" FileName="Playground__Photographer_Ty_Stange.jpg" Title="Playground" Description="Copenhagen: Playground in HC. Ørstedsparken in Copenhagen. &#xA;Photographer: Ty Stange. &#xA;For terms of use please visit http://www.copenhagenmediacenter.com/" CultureInfo="en-US" MimeType="image/jpeg" Length="246811" CreationTime="2012-08-21T17:39:44-04:00" LastWriteTime="2012-08-21T20:09:20-04:00" />
  <MediaFileDataElements Id="74114161-70b5-407e-a3d5-22c78d9e216c" FolderPath="/Copenhagen" FileName="COP15_2__Photographer_Christian_Alsing.jpg" Title="COP15" Description="Copenhagen: United Nations Climate Change Conference COP15 took place in Copenhagen from December 7 to December 18, 2009. The events presented in the COP15 official cultural program took place at different locations in Copenhagen, such as Kongens Nytorv, Kings Square. &#xA;Photographer: Christian Alsing. &#xA;For terms of use please visit http://www.copenhagenmediacenter.com/" CultureInfo="en-US" MimeType="image/jpeg" Length="168824" CreationTime="2012-08-21T17:39:44-04:00" LastWriteTime="2012-08-21T20:03:54-04:00" />
  <MediaFileDataElements Id="79715853-2d99-4a85-918b-3b18d0d48701" FolderPath="/Office" FileName="10.jpg" Title="10" Description="" CultureInfo="en-US" MimeType="image/jpeg" Length="263659" CreationTime="2014-03-21T10:27:43-04:00" LastWriteTime="2014-03-21T10:27:43-04:00" />
  <MediaFileDataElements Id="892acdb5-cbca-4c90-9d0f-f842cb4dfae0" FolderPath="/Copenhagen" FileName="City_of_bikes_2__Photographer_Kasper_Thye.jpg" Title="City of bikes" Description="Copenhagen: 36 percent of all Copenhageners use bicycles to go to work, school, university, and the city offers more than 300 km of bicycle paths. And the popular &quot;free token bikes&quot; give the visitors an opportunity to get around on two wheels most of the year. &#xA;Photographer: Nicolai Perjesi. &#xA;For terms of use please visit http://www.copenhagenmediacenter.com/" CultureInfo="en-US" MimeType="image/jpeg" Length="223792" CreationTime="2012-08-21T17:39:44-04:00" LastWriteTime="2012-08-21T20:03:13-04:00" />
  <MediaFileDataElements Id="8ab4b82a-cb2a-4ef7-954b-f88f52e6783e" FolderPath="/Office" FileName="4.jpg" Title="4" Description="" CultureInfo="en-US" MimeType="image/jpeg" Length="353642" CreationTime="2014-03-21T10:27:43-04:00" LastWriteTime="2014-03-21T10:27:43-04:00" />
  <MediaFileDataElements Id="8bce73d1-b3ca-404b-8e0b-02b991c24870" FolderPath="/Copenhagen" FileName="The_Royal_Playhouse__Outside_at_dusk__Photographer_Jens_Markus_Lindhe.jpg" Title="The Royal Playhouse - Outside at dusk" Description="Copenhagen: The Royal Playhouse by the water in Copenhagen. &#xA;Photographer: Jens Markus Lindhe. &#xA;For terms of use please visit http://www.copenhagenmediacenter.com/" CultureInfo="en-US" MimeType="image/jpeg" Length="164120" CreationTime="2012-08-21T17:39:44-04:00" LastWriteTime="2012-08-21T20:14:19-04:00" />
  <MediaFileDataElements Id="9132965e-4a0b-48f1-9585-0bfe42aacefa" FolderPath="/Copenhagen" FileName="Cafe_Europa__Photographer_Christian_Alsing.jpg" Title="Cafe Europa" Description="Cafe Europa" CultureInfo="en-US" MimeType="image/jpeg" Length="168150" CreationTime="2012-08-21T17:39:44-04:00" LastWriteTime="2012-08-21T19:59:40-04:00" />
  <MediaFileDataElements Id="91f98350-2475-4daf-be1d-593072a28b6b" FolderPath="/Office" FileName="7.jpg" Title="7" Description="" CultureInfo="en-US" MimeType="image/jpeg" Length="377098" CreationTime="2014-03-21T10:27:43-04:00" LastWriteTime="2014-03-21T10:27:43-04:00" />
  <MediaFileDataElements Id="928bfd99-84a0-41d2-b504-0f1dbc1fd876" FolderPath="/Copenhagen" FileName="The_Gefion_Fountain__Photographer_Christian_Alsing.jpg" Title="The Gefion Fountain" Description="Copenhagen: The Gefion Fountain. &#xA;Photographer: Christian Alsing. &#xA;For terms of use please visit http://www.copenhagenmediacenter.com/" CultureInfo="en-US" MimeType="image/jpeg" Length="121405" CreationTime="2012-08-21T17:39:44-04:00" LastWriteTime="2012-08-21T20:12:50-04:00" />
  <MediaFileDataElements Id="9451f3f7-24f0-4b25-806a-809f8b3b9a61" FolderPath="/Copenhagen" FileName="The_Kings_Garden__Photographer_Ty_Stange.jpg" Title="The King's Garden" Description="Copenhagen: The King's Gardens are the country's oldest royal gardens and were established in the Renaissance style by Christian IV in the early 1600s. Today the gardens are a popular retreat in the centre of Copenhagen. &#xA;Photographer: Ty Stange. &#xA;For terms of use please visit http://www.copenhagenmediacenter.com/" CultureInfo="en-US" MimeType="image/jpeg" Length="237429" CreationTime="2012-08-21T17:39:44-04:00" LastWriteTime="2012-08-21T20:13:44-04:00" />
  <MediaFileDataElements Id="969705d6-adc5-4311-8186-641e59bbbddb" FolderPath="/Copenhagen" FileName="Botanical_Garden__Photographer_Ty_Stange.jpg" Title="Botanical Garden" Description="Copenhagen: The Botanical Garden is a living museum and room for the largest collection of living plants in Denmark, used in research and teaching and for public information. The museum holds one of the largest herbaria of plants and fungi from all over the world. &#xA;Photographer: Ty Stange. &#xA;For terms of use please visit http://www.copenhagenmediacenter.com/" CultureInfo="en-US" MimeType="image/jpeg" Length="364699" CreationTime="2012-08-21T17:39:44-04:00" LastWriteTime="2012-08-21T19:58:34-04:00" />
  <MediaFileDataElements Id="9fc7a81f-e800-48c1-993c-ffbcbe67c244" FolderPath="/Composite.Community.Profiles" FileName="Profiles-3.jpg" Title="" Description="" CultureInfo="en-US" MimeType="image/jpeg" Length="11861" CreationTime="2014-04-11T12:48:09-04:00" LastWriteTime="2014-04-11T12:49:51-04:00" />
  <MediaFileDataElements Id="a5ad2644-186b-47f6-8e58-892d381d2006" FolderPath="/Copenhagen" FileName="Enjoying_the_sunshine__Photographer_Ty_Stange.jpg" Title="Enjoying the sunshine" Description="Copenhagen: A woman sitting by the canals of Copenhagen enjoying the sunshine. &#xA;Photographer: Ty Stange. &#xA;For terms of use please visit http://www.copenhagenmediacenter.com/" CultureInfo="en-US" MimeType="image/jpeg" Length="211692" CreationTime="2012-08-21T17:39:44-04:00" LastWriteTime="2012-08-21T20:04:45-04:00" />
  <MediaFileDataElements Id="a9c279ad-ba49-4573-8951-285d310d9146" FolderPath="/Copenhagen" FileName="Rosenborg_Castle__Photographer_Wonderful_Copenhagen.jpg" Title="Rosenborg Castle" Description="Copenhagen: Rosenborg Castle houses the crown jewels. &#xA;Photographer: Wonderful Copenhagen. &#xA;For terms of use please visit http://www.copenhagenmediacenter.com/" CultureInfo="en-US" MimeType="image/jpeg" Length="196742" CreationTime="2012-08-21T17:39:44-04:00" LastWriteTime="2012-08-21T20:10:50-04:00" />
  <MediaFileDataElements Id="b183734e-a8cc-449d-ba79-6cab6e3a9bdf" FolderPath="/Copenhagen" FileName="Christiania_2__Photographer_Ty_Stange.jpg" Title="Christiania" Description="Copenhagen: The Free Town Christiania, is one of the most popular tourist attractions in Copenhagen - maybe because of the unique and relaxed atmosphere and its buildings which often is one of a kind. &#xA;Photographer: Ty Stange. &#xA;For terms of use please visit http://www.copenhagenmediacenter.com/" CultureInfo="en-US" MimeType="image/jpeg" Length="370582" CreationTime="2012-08-21T17:39:44-04:00" LastWriteTime="2012-08-21T20:01:14-04:00" />
  <MediaFileDataElements Id="b2614f26-fab2-4747-8e29-b19e7599da96" FolderPath="/Copenhagen" FileName="View_from_the_fort__Photographer_Morten_Jerichau.jpg" Title="View from the fort" Description="Copenhagen: View from the fort in the Churchill park. &#xA;Photographer: Morten Jerichau. &#xA;For terms of use please visit http://www.copenhagenmediacenter.com/" CultureInfo="en-US" MimeType="image/jpeg" Length="198333" CreationTime="2012-08-21T17:39:44-04:00" LastWriteTime="2012-08-21T20:15:42-04:00" />
  <MediaFileDataElements Id="b72125aa-5828-463b-8548-f43d65ee33e0" FolderPath="/Copenhagen" FileName="Vikings__Photographer_Frederikssund_Turistbureau.jpg" Title="Vikings" Description="Copenhagen: Vikings at Frederikssund Vikingeboplads. &#xA;Photographer: Frederikssund Turistbureau. &#xA;For terms of use please visit http://www.copenhagenmediacenter.com/" CultureInfo="en-US" MimeType="image/jpeg" Length="343386" CreationTime="2012-08-21T17:39:44-04:00" LastWriteTime="2012-08-21T20:16:02-04:00" />
  <MediaFileDataElements Id="bb4b8072-3e31-47d6-ada9-84077a86eee3" FolderPath="/Copenhagen" FileName="The_canals_at_night__Photographer__Morten_Jerichau.jpg" Title="The canals at night" Description="Copenhagen: Copenhagen after the sunset. &#xA;Photographer: Morten Jerichau. &#xA;For terms of use please visit http://www.copenhagenmediacenter.com/" CultureInfo="en-US" MimeType="image/jpeg" Length="125399" CreationTime="2012-08-21T17:39:44-04:00" LastWriteTime="2012-08-21T20:12:25-04:00" />
  <MediaFileDataElements Id="c50bbc07-8aba-4a53-b73f-7cee6d06a8e9" FolderPath="/Copenhagen" FileName="Christmas_in_Tivoli__Tivoli_Lake__Photographer_Morten_Jerichau.jpg" Title="Christmas in Tivoli - Tivoli Lake" Description="Copenhagen: The beautiful Tivoli Lake is lit up at Christmas by the surrounding trees. &#xA;Photographer: Morten Jerichau. &#xA;For terms of use please visit http://www.copenhagenmediacenter.com/" CultureInfo="en-US" MimeType="image/jpeg" Length="300467" CreationTime="2012-08-21T17:39:44-04:00" LastWriteTime="2012-08-21T20:02:00-04:00" />
  <MediaFileDataElements Id="d20e8a0f-359b-473d-9640-6f75318ba0fb" FolderPath="/Office" FileName="1.jpg" Title="1" Description="" CultureInfo="en-US" MimeType="image/jpeg" Length="212387" CreationTime="2014-03-21T10:27:43-04:00" LastWriteTime="2014-03-21T10:27:43-04:00" />
  <MediaFileDataElements Id="d6942b16-9051-41a0-986f-0ac0cd28e427" FolderPath="/Copenhagen" FileName="COP15_1__Photographer_Christian_Alsing.jpg" Title="COP15" Description="Copenhagen: United Nations Climate Change Conference COP15 took place in Copenhagen from December 7 to December 18, 2009. The events presented in the COP15 official cultural program took place at different locations in Copenhagen, such as Kongens Nytorv, Kings Square. &#xA;Photographer: Christian Alsing. &#xA;For terms of use please visit http://www.copenhagenmediacenter.com/" CultureInfo="en-US" MimeType="image/jpeg" Length="211873" CreationTime="2012-08-21T17:39:44-04:00" LastWriteTime="2012-08-21T20:03:48-04:00" />
  <MediaFileDataElements Id="d8d38053-d3f6-4300-a55c-db8107241d35" FolderPath="/Copenhagen" FileName="Meet_in_Copenhagen__Photographer_Highlight_AS.jpg" Title="Meet in Copenhagen" Description="Copenhagen: Copenhagen is one of the most popular conference cities in the world due to its easy accessibility, general level of efficiency and low crime rate, and offers short distances between hotels and conference facilities, state-of-the-art meeting facilities and first-class cultural activities. &#xA;Photographer: Highlight A/S. &#xA;For terms of use please visit http://www.copenhagenmediacenter.com/" CultureInfo="en-US" MimeType="image/jpeg" Length="111867" CreationTime="2012-08-21T17:39:44-04:00" LastWriteTime="2012-08-21T20:06:42-04:00" />
  <MediaFileDataElements Id="edf8d4a6-7e4f-4785-ab12-bf1f66f6c820" FolderPath="/Copenhagen" FileName="Rowing_in_Frederiksberg_Gardens__Photographer_Morten_Jerichau.jpg" Title="Rowing in Frederiksberg Gardens" Description="Copenhagen: Rowing in Frederiksberg Gardens. &#xA;Photographer: Morten Jerichau. &#xA;For terms of use please visit http://www.copenhagenmediacenter.com/" CultureInfo="en-US" MimeType="image/jpeg" Length="236264" CreationTime="2012-08-21T17:39:44-04:00" LastWriteTime="2012-08-21T20:10:18-04:00" />
  <MediaFileDataElements Id="f74ee284-71df-4efb-90fe-bd7441e998d1" FolderPath="/Copenhagen" FileName="City_of_bikes_1__Photographer_Kasper_Thye.jpg" Title="City of bikes" Description="Copenhagen: 36 percent of all Copenhageners use bicycles to go to work, school, university, and the city offers more than 300 km of bicycle paths. And the popular &quot;free token bikes&quot; give the visitors an opportunity to get around on two wheels most of the year. &#xA;Photographer: Nicolai Perjesi. &#xA;For terms of use please visit http://www.copenhagenmediacenter.com/" CultureInfo="en-US" MimeType="image/jpeg" Length="354463" CreationTime="2012-08-21T17:39:44-04:00" LastWriteTime="2012-08-21T20:03:09-04:00" />
  <MediaFileDataElements Id="fb1ab5cf-6c20-46ec-9c3b-64356c9b0aec" FolderPath="/Office" FileName="5.jpg" Title="5" Description="" CultureInfo="en-US" MimeType="image/jpeg" Length="233917" CreationTime="2014-03-21T10:27:43-04:00" LastWriteTime="2014-03-28T13:23:36-04:00" />
  <MediaFileDataElements Id="ffc1b94f-1998-4e65-afcc-44873906862d" FolderPath="/Office" FileName="6.jpg" Title="6" Description="" CultureInfo="en-US" MimeType="image/jpeg" Length="208125" CreationTime="2014-03-21T10:27:43-04:00" LastWriteTime="2014-03-21T10:27:43-04:00" />
</MediaFileDataElementsElements>