﻿<?xml version="1.0" encoding="utf-8"?>
<PageElementsElements>
  <PageElements PublicationStatus="published" ChangeDate="2015-03-18T14:28:14.4372679-04:00" ChangedBy="admin" Id="1744a4e2-849b-4f8e-a612-702192e3dc69" TemplateId="e3851f7a-3f4b-4eda-9708-07c3b6020e08" PageTypeId="f7869eb2-7369-4eb2-af47-e3be261e92c7" Title="Media" MenuTitle="Media" UrlTitle="Media" FriendlyUrl="" Description="" SourceCultureName="en-US" />
  <PageElements PublicationStatus="published" ChangeDate="2015-03-18T14:28:14.9512679-04:00" ChangedBy="admin" Id="20d14662-e83e-4ee1-bbc9-afd9b2f88f34" TemplateId="0526ad34-c540-418e-8c23-0eec2a8da2ce" PageTypeId="f7869eb2-7369-4eb2-af47-e3be261e92c7" Title="Who are we?" MenuTitle="Who are we?" UrlTitle="Who-are-we" FriendlyUrl="" Description="" SourceCultureName="en-US" />
  <PageElements PublicationStatus="published" ChangeDate="2015-03-18T14:28:13.0342679-04:00" ChangedBy="admin" Id="369e79a7-9f08-4154-8dc5-b8d7b06e3828" TemplateId="7aba9088-99c6-415e-88d4-fb30a3f7d213" PageTypeId="3d99b087-9eb7-4429-810a-2b89d76d52ff" Title="World Wide Azure Publisher" MenuTitle="World Wide Azure Publisher" UrlTitle="World-Wide-Azure-Publisher" FriendlyUrl="" Description="" SourceCultureName="en-US" />
  <PageElements PublicationStatus="published" ChangeDate="2015-03-18T14:28:14.4412679-04:00" ChangedBy="admin" Id="3a613405-9990-47a6-8f00-672a8e6de9e7" TemplateId="e3851f7a-3f4b-4eda-9708-07c3b6020e08" PageTypeId="f7869eb2-7369-4eb2-af47-e3be261e92c7" Title="Getting Started" MenuTitle="Getting Started" UrlTitle="Getting-Started" FriendlyUrl="" Description="Get help with common tasks like editing content, customizing the design and creating new features." SourceCultureName="en-US" />
  <PageElements PublicationStatus="published" ChangeDate="2015-03-18T14:28:15.4802679-04:00" ChangedBy="admin" Id="4c7a5165-0357-4931-b3d0-d33ca8545541" TemplateId="e3851f7a-3f4b-4eda-9708-07c3b6020e08" PageTypeId="f7869eb2-7369-4eb2-af47-e3be261e92c7" Title="YouTube" MenuTitle="YouTube" UrlTitle="YouTube" FriendlyUrl="" Description="" SourceCultureName="en-US" />
  <PageElements PublicationStatus="published" ChangeDate="2015-03-18T14:28:13.0372679-04:00" ChangedBy="admin" Id="51460c2b-1c2a-4c09-a18f-35d8afac2e8f" TemplateId="7aba9088-99c6-415e-88d4-fb30a3f7d213" PageTypeId="3d99b087-9eb7-4429-810a-2b89d76d52ff" Title="Bundling &amp; Minification" MenuTitle="Bundling &amp; Minification" UrlTitle="Bundling--Minification" FriendlyUrl="" Description="" SourceCultureName="en-US" />
  <PageElements PublicationStatus="published" ChangeDate="2015-03-18T14:28:15.5492679-04:00" ChangedBy="admin" Id="51aef503-816d-469f-9a54-cfb8b0033628" TemplateId="0526ad34-c540-418e-8c23-0eec2a8da2ce" PageTypeId="f7869eb2-7369-4eb2-af47-e3be261e92c7" Title="Privacy Policy" MenuTitle="" UrlTitle="Privacy-Policy" FriendlyUrl="" Description="" SourceCultureName="en-US" />
  <PageElements PublicationStatus="published" ChangeDate="2015-03-18T14:28:13.0322679-04:00" ChangedBy="admin" Id="71a7dd7b-99ce-4981-b150-dbc1ff28c6b1" TemplateId="7aba9088-99c6-415e-88d4-fb30a3f7d213" PageTypeId="3d99b087-9eb7-4429-810a-2b89d76d52ff" Title="Form Builder" MenuTitle="Form Builder" UrlTitle="Form-Builder" FriendlyUrl="" Description="" SourceCultureName="en-US" />
  <PageElements PublicationStatus="published" ChangeDate="2015-03-18T15:22:38.3482679-04:00" ChangedBy="admin" Id="8747038d-a5a0-498b-9246-a4532e556007" TemplateId="0526ad34-c540-418e-8c23-0eec2a8da2ce" PageTypeId="f7869eb2-7369-4eb2-af47-e3be261e92c7" Title="Test" MenuTitle="Test" UrlTitle="test" FriendlyUrl="" Description="" SourceCultureName="en-US" />
  <PageElements PublicationStatus="published" ChangeDate="2015-03-18T14:28:13.0202679-04:00" ChangedBy="admin" Id="9ace435a-7970-40f7-8ca7-b6f5607fa589" TemplateId="e3851f7a-3f4b-4eda-9708-07c3b6020e08" PageTypeId="f7869eb2-7369-4eb2-af47-e3be261e92c7" Title="Contact" MenuTitle="Contact us" UrlTitle="Contact" FriendlyUrl="" Description="" SourceCultureName="en-US" />
  <PageElements PublicationStatus="published" ChangeDate="2015-03-18T14:28:13.0302679-04:00" ChangedBy="admin" Id="9bdb7b6d-4e4f-41c9-bcc3-95b20bd8d796" TemplateId="0526ad34-c540-418e-8c23-0eec2a8da2ce" PageTypeId="f7869eb2-7369-4eb2-af47-e3be261e92c7" Title="Services" MenuTitle="Services" UrlTitle="Services" FriendlyUrl="" Description="" SourceCultureName="en-US" />
  <PageElements PublicationStatus="published" ChangeDate="2015-03-18T14:28:13.0412679-04:00" ChangedBy="admin" Id="a3055286-0e90-4b04-99dd-fb1a61dde0bf" TemplateId="a270f819-0b5c-4f7e-9194-4b554043e4ab" PageTypeId="de22fed1-0729-4ad3-aa1c-6047e54bf429" Title="Neptune Starter Site" MenuTitle="" UrlTitle="" FriendlyUrl="" Description="" SourceCultureName="en-US" />
  <PageElements PublicationStatus="published" ChangeDate="2015-03-18T14:28:13.0392679-04:00" ChangedBy="admin" Id="b49b64e3-ee0a-4b12-b55f-6228210e4e8f" TemplateId="0526ad34-c540-418e-8c23-0eec2a8da2ce" PageTypeId="3d99b087-9eb7-4429-810a-2b89d76d52ff" Title="Cases" MenuTitle="Cases" UrlTitle="Cases" FriendlyUrl="" Description="Selected cases showing our work" SourceCultureName="en-US" />
  <PageElements PublicationStatus="published" ChangeDate="2015-03-18T14:28:14.4392679-04:00" ChangedBy="admin" Id="dfb6e1ac-ea0d-4c50-b8b7-bb6046fd3a11" TemplateId="e3851f7a-3f4b-4eda-9708-07c3b6020e08" PageTypeId="f7869eb2-7369-4eb2-af47-e3be261e92c7" Title="Test the design" MenuTitle="Tests" UrlTitle="Tests" FriendlyUrl="" Description="This section contains pages that show off the different layouts and styling options." SourceCultureName="en-US" />
  <PageElements PublicationStatus="published" ChangeDate="2015-03-18T14:28:14.4342679-04:00" ChangedBy="admin" Id="e8be7c4b-870f-4dfb-91b5-7c4b7bec408f" TemplateId="e3851f7a-3f4b-4eda-9708-07c3b6020e08" PageTypeId="f7869eb2-7369-4eb2-af47-e3be261e92c7" Title="Styles" MenuTitle="Styles" UrlTitle="Styles" FriendlyUrl="" Description="This page contains different elements that you can define with the Visual Editor in the C1 Console." SourceCultureName="en-US" />
  <PageElements PublicationStatus="published" ChangeDate="2015-03-18T14:28:13.0282679-04:00" ChangedBy="admin" Id="f90418c7-9654-4226-81c1-3b4e959f4f39" TemplateId="e3851f7a-3f4b-4eda-9708-07c3b6020e08" PageTypeId="f7869eb2-7369-4eb2-af47-e3be261e92c7" Title="About us" MenuTitle="About us" UrlTitle="About-us" FriendlyUrl="" Description="" SourceCultureName="en-US" />
  <PageElements PublicationStatus="published" ChangeDate="2015-03-18T14:28:14.8082679-04:00" ChangedBy="admin" Id="fec78884-8f7a-4f4d-b9b7-eb0c9654c378" TemplateId="0526ad34-c540-418e-8c23-0eec2a8da2ce" PageTypeId="f7869eb2-7369-4eb2-af47-e3be261e92c7" Title="Search" MenuTitle="" UrlTitle="Search" FriendlyUrl="" Description="" SourceCultureName="en-US" />
</PageElementsElements>