﻿<?xml version="1.0" encoding="utf-8"?>
<PageStructureElementsElements>
  <PageStructureElements Id="1744a4e2-849b-4f8e-a612-702192e3dc69" ParentId="dfb6e1ac-ea0d-4c50-b8b7-bb6046fd3a11" LocalOrdering="3" />
  <PageStructureElements Id="20d14662-e83e-4ee1-bbc9-afd9b2f88f34" ParentId="f90418c7-9654-4226-81c1-3b4e959f4f39" LocalOrdering="1" />
  <PageStructureElements Id="369e79a7-9f08-4154-8dc5-b8d7b06e3828" ParentId="b49b64e3-ee0a-4b12-b55f-6228210e4e8f" LocalOrdering="1" />
  <PageStructureElements Id="3a613405-9990-47a6-8f00-672a8e6de9e7" ParentId="a3055286-0e90-4b04-99dd-fb1a61dde0bf" LocalOrdering="0" />
  <PageStructureElements Id="4c7a5165-0357-4931-b3d0-d33ca8545541" ParentId="1744a4e2-849b-4f8e-a612-702192e3dc69" LocalOrdering="0" />
  <PageStructureElements Id="51460c2b-1c2a-4c09-a18f-35d8afac2e8f" ParentId="b49b64e3-ee0a-4b12-b55f-6228210e4e8f" LocalOrdering="2" />
  <PageStructureElements Id="51aef503-816d-469f-9a54-cfb8b0033628" ParentId="a3055286-0e90-4b04-99dd-fb1a61dde0bf" LocalOrdering="6" />
  <PageStructureElements Id="71a7dd7b-99ce-4981-b150-dbc1ff28c6b1" ParentId="b49b64e3-ee0a-4b12-b55f-6228210e4e8f" LocalOrdering="0" />
  <PageStructureElements Id="8747038d-a5a0-498b-9246-a4532e556007" ParentId="a3055286-0e90-4b04-99dd-fb1a61dde0bf" LocalOrdering="6" />
  <PageStructureElements Id="9ace435a-7970-40f7-8ca7-b6f5607fa589" ParentId="f90418c7-9654-4226-81c1-3b4e959f4f39" LocalOrdering="0" />
  <PageStructureElements Id="9bdb7b6d-4e4f-41c9-bcc3-95b20bd8d796" ParentId="a3055286-0e90-4b04-99dd-fb1a61dde0bf" LocalOrdering="1" />
  <PageStructureElements Id="a3055286-0e90-4b04-99dd-fb1a61dde0bf" ParentId="00000000-0000-0000-0000-000000000000" LocalOrdering="0" />
  <PageStructureElements Id="b49b64e3-ee0a-4b12-b55f-6228210e4e8f" ParentId="a3055286-0e90-4b04-99dd-fb1a61dde0bf" LocalOrdering="2" />
  <PageStructureElements Id="dfb6e1ac-ea0d-4c50-b8b7-bb6046fd3a11" ParentId="3a613405-9990-47a6-8f00-672a8e6de9e7" LocalOrdering="3" />
  <PageStructureElements Id="e8be7c4b-870f-4dfb-91b5-7c4b7bec408f" ParentId="dfb6e1ac-ea0d-4c50-b8b7-bb6046fd3a11" LocalOrdering="0" />
  <PageStructureElements Id="f90418c7-9654-4226-81c1-3b4e959f4f39" ParentId="a3055286-0e90-4b04-99dd-fb1a61dde0bf" LocalOrdering="0" />
  <PageStructureElements Id="fec78884-8f7a-4f4d-b9b7-eb0c9654c378" ParentId="a3055286-0e90-4b04-99dd-fb1a61dde0bf" LocalOrdering="3" />
</PageStructureElementsElements>