﻿<?xml version="1.0" encoding="utf-8"?>
<InlineFunctionAssemblyReferenceElementsElements>
  <InlineFunctionAssemblyReferenceElements Id="069c27e9-6f18-4fab-b21d-ca922ebb8d72" Function="70d32b70-9788-4e0a-a576-2beebf284d20" Name="Composite.Workflows.dll" Location="Bin" />
  <InlineFunctionAssemblyReferenceElements Id="3eb6f622-9d7a-44ca-85d6-5bfb9bc3f2ec" Function="70d32b70-9788-4e0a-a576-2beebf284d20" Name="System.Xml.dll" Location="System" />
  <InlineFunctionAssemblyReferenceElements Id="4138e7ed-1c2a-4aff-8546-9a77c300933a" Function="70d32b70-9788-4e0a-a576-2beebf284d20" Name="Composite.Generated.dll" Location="Bin" />
  <InlineFunctionAssemblyReferenceElements Id="5778cfed-87a5-4bfe-844e-df684137291d" Function="70d32b70-9788-4e0a-a576-2beebf284d20" Name="Composite.dll" Location="Bin" />
  <InlineFunctionAssemblyReferenceElements Id="a85ff004-1f72-4f61-9c91-6445c30b0b9e" Function="70d32b70-9788-4e0a-a576-2beebf284d20" Name="System.Core.dll" Location="System" />
  <InlineFunctionAssemblyReferenceElements Id="dd8cf160-6280-417e-9ac6-822f75281e53" Function="70d32b70-9788-4e0a-a576-2beebf284d20" Name="System.dll" Location="System" />
  <InlineFunctionAssemblyReferenceElements Id="eb7c2937-27e5-422b-a0dc-c0b6190497b1" Function="70d32b70-9788-4e0a-a576-2beebf284d20" Name="System.Web.dll" Location="System" />
  <InlineFunctionAssemblyReferenceElements Id="fdebdd79-7929-4221-90c6-b5d52ee687b9" Function="70d32b70-9788-4e0a-a576-2beebf284d20" Name="System.Xml.Linq.dll" Location="System" />
</InlineFunctionAssemblyReferenceElementsElements>