﻿<?xml version="1.0" encoding="utf-8"?>
<PackageInstaller xmlns="http://www.composite.net/ns/management/packageinstaller/1.0">
  <PackageFragmentUninstallers>
    <Add uninstallerType="Composite.Core.PackageSystem.PackageFragmentInstallers.FilePackageFragmentUninstaller,Composite">
      <Files xmlns="" />
    </Add>
    <Add uninstallerType="Composite.Core.PackageSystem.PackageFragmentInstallers.DataPackageFragmentUninstaller,Composite">
      <Types xmlns="" />
    </Add>
    <Add uninstallerType="Composite.Core.PackageSystem.PackageFragmentInstallers.FileXslTransformationPackageFragmentUninstaller,Composite">
      <XslFiles xmlns="">
        <XslFile pathXml="~\Web.config" installXsl="~\Config\Install.xsl" uninstallXsl="~\Config\Uninstall.xsl" />
      </XslFiles>
    </Add>
  </PackageFragmentUninstallers>
</PackageInstaller>