﻿<?xml version="1.0" encoding="utf-8"?>
<PackageInstaller xmlns="http://www.composite.net/ns/management/packageinstaller/1.0">
  <PackageFragmentUninstallers>
    <Add uninstallerType="Composite.Core.PackageSystem.PackageFragmentInstallers.FilePackageFragmentUninstaller,Composite">
      <Files xmlns="">
        <File filename="~\App_Data/Razor/Composite/Search/SimplePageSearch/SearchForm.cshtml" />
        <File filename="~\App_Data/Razor/Composite/Search/SimplePageSearch/SearchResults.cshtml" />
        <File filename="~\App_Data/Razor/Composite/Search/SimplePageSearch/NavbarSearchForm.cshtml" />
        <File filename="~\App_GlobalResources/Composite/Search/SimplePageSearch.resx" />
      </Files>
    </Add>
  </PackageFragmentUninstallers>
</PackageInstaller>