﻿<?xml version="1.0" encoding="utf-8"?>
<PackageInstaller xmlns="http://www.composite.net/ns/management/packageinstaller/1.0">
  <PackageFragmentUninstallers>
    <Add uninstallerType="Composite.Core.PackageSystem.PackageFragmentInstallers.DataPackageFragmentUninstaller,Composite">
      <Types xmlns="">
        <Type type="Composite.Data.Types.IPageStructure,Composite" dataScopeIdentifier="public">
          <Datas>
            <Keys>
              <Key name="Id" value="51aef503-816d-469f-9a54-cfb8b0033628" />
            </Keys>
          </Datas>
        </Type>
        <Type type="Composite.Data.Types.IPage,Composite" dataScopeIdentifier="administrated">
          <Datas locale="en-US">
            <Keys>
              <Key name="Id" value="51aef503-816d-469f-9a54-cfb8b0033628" />
            </Keys>
          </Datas>
        </Type>
        <Type type="Composite.Data.Types.IPage,Composite" dataScopeIdentifier="public">
          <Datas locale="en-US">
            <Keys>
              <Key name="Id" value="51aef503-816d-469f-9a54-cfb8b0033628" />
            </Keys>
          </Datas>
        </Type>
        <Type type="Composite.Data.Types.IPagePlaceholderContent,Composite" dataScopeIdentifier="administrated">
          <Datas locale="en-US">
            <Keys>
              <Key name="PageId" value="51aef503-816d-469f-9a54-cfb8b0033628" />
              <Key name="PlaceHolderId" value="content" />
            </Keys>
            <Keys>
              <Key name="PageId" value="51aef503-816d-469f-9a54-cfb8b0033628" />
              <Key name="PlaceHolderId" value="start" />
            </Keys>
          </Datas>
        </Type>
        <Type type="Composite.Data.Types.IPagePlaceholderContent,Composite" dataScopeIdentifier="public">
          <Datas locale="en-US">
            <Keys>
              <Key name="PageId" value="51aef503-816d-469f-9a54-cfb8b0033628" />
              <Key name="PlaceHolderId" value="content" />
            </Keys>
            <Keys>
              <Key name="PageId" value="51aef503-816d-469f-9a54-cfb8b0033628" />
              <Key name="PlaceHolderId" value="start" />
            </Keys>
          </Datas>
        </Type>
      </Types>
    </Add>
    <Add uninstallerType="Composite.Core.PackageSystem.PackageFragmentInstallers.FileXslTransformationPackageFragmentUninstaller,Composite">
      <XslFiles xmlns="">
        <XslFile pathXml="~\App_Data\PageTemplateFeatures\Page Footer.html" installXsl="~\PageTemplateFeatures\Install.xsl" uninstallXsl="~\PageTemplateFeatures\Uninstall.xsl" />
      </XslFiles>
    </Add>
  </PackageFragmentUninstallers>
</PackageInstaller>