﻿<?xml version="1.0" encoding="utf-8"?>
<PackageInstaller xmlns="http://www.composite.net/ns/management/packageinstaller/1.0">
  <PackageFragmentUninstallers>
    <Add uninstallerType="Composite.Core.PackageSystem.PackageFragmentInstallers.FilePackageFragmentUninstaller,Composite">
      <Files xmlns="">
        <File filename="~\Frontend\Scripts\PageBlocks\ScrollDownButton.js" />
        <File filename="~\Frontend\Styles\PageBlocks\ScrollDownButton.less" />
        <File filename="~\App_Data/Razor/PageBlocks/ScrollDownButton.cshtml" />
      </Files>
    </Add>
  </PackageFragmentUninstallers>
</PackageInstaller>