﻿<?xml version="1.0" encoding="utf-8"?>
<PackageInstaller xmlns="http://www.composite.net/ns/management/packageinstaller/1.0">
  <PackageFragmentUninstallers>
    <Add uninstallerType="Composite.Core.PackageSystem.PackageFragmentInstallers.ConfigurationTransformationPackageFragmentUninstaller,Composite">
      <Uninstall xsltFilePath="~\Composite.config\Uninstall.xsl" xmlns="" />
    </Add>
    <Add uninstallerType="Composite.Core.PackageSystem.PackageFragmentInstallers.FilePackageFragmentUninstaller,Composite">
      <Files xmlns="">
        <File filename="~\Composite\InstalledPackages\localization\Composite.Tools.LinkChecker.en-us.xml" />
        <File filename="~\Bin\Composite.Tools.LinkChecker.dll" />
        <File filename="~\Composite\InstalledPackages\content\views\Composite.Tools.LinkChecker\ListBrokenLinks.aspx" />
        <File filename="~\Composite\InstalledPackages\content\views\Composite.Tools.LinkChecker\ListBrokenLinks.aspx.cs" />
        <File filename="~\Composite\InstalledPackages\content\views\Composite.Tools.LinkChecker\ListBrokenLinks.aspx.designer.cs" />
        <File filename="~\Composite\InstalledPackages\content\views\Composite.Tools.LinkChecker\ListBrokenLinks.css" />
        <File filename="~\Composite\InstalledPackages\content\views\Composite.Tools.LinkChecker\ListBrokenLinks.xslt" />
      </Files>
    </Add>
  </PackageFragmentUninstallers>
</PackageInstaller>