﻿<?xml version="1.0" encoding="utf-8"?>
<PackageInstaller xmlns="http://www.composite.net/ns/management/packageinstaller/1.0">
  <PackageFragmentUninstallers>
    <Add uninstallerType="Composite.Core.PackageSystem.PackageFragmentInstallers.FilePackageFragmentUninstaller,Composite">
      <Files xmlns="">
        <File filename="~\App_Data/Razor/Composite/Web/Html/AcceptAlert.cshtml" />
        <File filename="~\Frontend\Composite\Web\Html\AcceptAlert\jquery.cookie.js" />
        <File filename="~\Frontend\Composite\Web\Html\AcceptAlert\script.js" />
        <File filename="~\Frontend\Composite\Web\Html\AcceptAlert\styles.css" />
      </Files>
    </Add>
  </PackageFragmentUninstallers>
</PackageInstaller>