﻿<?xml version="1.0" encoding="utf-8"?>
<PackageInstaller xmlns="http://www.composite.net/ns/management/packageinstaller/1.0">
  <PackageFragmentUninstallers>
    <Add uninstallerType="Composite.Core.PackageSystem.PackageFragmentInstallers.FilePackageFragmentUninstaller,Composite">
      <Files xmlns="">
        <File filename="~\Frontend\Styles\PageBlocks\Statement.less" />
        <File filename="~\App_Data\Razor\PageBlocks\BackgroundStyleOptions.xml" />
        <File filename="~\App_Data\Razor\PageBlocks\Statement.cshtml" />
        <File filename="~\App_Data/Razor/PageBlocks/Statement.cshtml" />
      </Files>
    </Add>
  </PackageFragmentUninstallers>
</PackageInstaller>