﻿<?xml version="1.0" encoding="utf-8"?>
<PackageInstaller xmlns="http://www.composite.net/ns/management/packageinstaller/1.0">
  <PackageFragmentUninstallers>
    <Add uninstallerType="Composite.Core.PackageSystem.PackageFragmentInstallers.FilePackageFragmentUninstaller,Composite">
      <Files xmlns="">
        <File filename="~\App_Data\Razor\Layout\Helpers\InjectContainerElements.cshtml" />
        <File filename="~\App_Data\Razor\Layout\Navigation\Breadcrumbs.cshtml" />
        <File filename="~\App_Data\Razor\Layout\Navigation\MainMenu.cshtml" />
        <File filename="~\App_Data\Razor\Layout\Navigation\TopLinks.cshtml" />
        <File filename="~\App_Data\Razor\Layout\CommonHtmlHead.cshtml" />
        <File filename="~\App_Data\Razor\Widgets\Cases.cshtml" />
        <File filename="~\App_Data\Razor\Widgets\CasesMenu.cshtml" />
        <File filename="~\Frontend\Config\VisualEditor\common.xml" backupFile="893950939_common.xml" />
        <File filename="~\Frontend\Styles\style.less" />
        <File filename="~\Frontend\Styles\VisualEditor.common.less" />
        <File filename="~\Frontend\Styles\VisualEditor.less" />
        <File filename="~\Frontend\Scripts\script.js" />
        <File filename="~\Frontend\Scripts\flexslider.js" />
        <File filename="~\App_Data\Razor\PageBlocks\Jumbotron.cshtml" />
        <File filename="~\App_Data\Razor\PageBlocks\JumbotronSlides.cshtml" />
        <File filename="~\Frontend\Styles\PageBlocks\Jumbotron.less" />
        <File filename="~\Frontend\Styles\PageBlocks\JumbotronSlides.less" />
        <File filename="~\App_Data\Composite\InlineCSharpFunctions\Widgets.FontIconSelector.GetIconsNames.cs" />
        <File filename="~\Frontend\fonts\fontawesome-webfont.eot" />
        <File filename="~\Frontend\fonts\fontawesome-webfont.svg" />
        <File filename="~\Frontend\fonts\fontawesome-webfont.ttf" />
        <File filename="~\Frontend\fonts\fontawesome-webfont.woff" />
        <File filename="~\Frontend\fonts\FontAwesome.otf" />
        <File filename="~\Frontend\fonts\glyphicons-halflings-regular.eot" />
        <File filename="~\Frontend\fonts\glyphicons-halflings-regular.svg" />
        <File filename="~\Frontend\fonts\glyphicons-halflings-regular.ttf" />
        <File filename="~\Frontend\fonts\glyphicons-halflings-regular.woff" />
        <File filename="~\Frontend\Images\logo.png" />
        <File filename="~\Frontend\Images\overlay-dark.png" />
        <File filename="~\Frontend\Images\overlay-light.png" />
        <File filename="~\Frontend\Styles\bootstrap\alerts.less" />
        <File filename="~\Frontend\Styles\bootstrap\badges.less" />
        <File filename="~\Frontend\Styles\bootstrap\bootstrap.css.map" />
        <File filename="~\Frontend\Styles\bootstrap\bootstrap.less" />
        <File filename="~\Frontend\Styles\bootstrap\breadcrumbs.less" />
        <File filename="~\Frontend\Styles\bootstrap\button-groups.less" />
        <File filename="~\Frontend\Styles\bootstrap\buttons.less" />
        <File filename="~\Frontend\Styles\bootstrap\carousel.less" />
        <File filename="~\Frontend\Styles\bootstrap\close.less" />
        <File filename="~\Frontend\Styles\bootstrap\code.less" />
        <File filename="~\Frontend\Styles\bootstrap\component-animations.less" />
        <File filename="~\Frontend\Styles\bootstrap\dropdowns.less" />
        <File filename="~\Frontend\Styles\bootstrap\forms.less" />
        <File filename="~\Frontend\Styles\bootstrap\glyphicons.less" />
        <File filename="~\Frontend\Styles\bootstrap\grid.less" />
        <File filename="~\Frontend\Styles\bootstrap\input-groups.less" />
        <File filename="~\Frontend\Styles\bootstrap\jumbotron.less" />
        <File filename="~\Frontend\Styles\bootstrap\labels.less" />
        <File filename="~\Frontend\Styles\bootstrap\list-group.less" />
        <File filename="~\Frontend\Styles\bootstrap\media.less" />
        <File filename="~\Frontend\Styles\bootstrap\mixins.less" />
        <File filename="~\Frontend\Styles\bootstrap\modals.less" />
        <File filename="~\Frontend\Styles\bootstrap\navbar.less" />
        <File filename="~\Frontend\Styles\bootstrap\navs.less" />
        <File filename="~\Frontend\Styles\bootstrap\normalize.less" />
        <File filename="~\Frontend\Styles\bootstrap\pager.less" />
        <File filename="~\Frontend\Styles\bootstrap\pagination.less" />
        <File filename="~\Frontend\Styles\bootstrap\panels.less" />
        <File filename="~\Frontend\Styles\bootstrap\popovers.less" />
        <File filename="~\Frontend\Styles\bootstrap\print.less" />
        <File filename="~\Frontend\Styles\bootstrap\progress-bars.less" />
        <File filename="~\Frontend\Styles\bootstrap\responsive-utilities.less" />
        <File filename="~\Frontend\Styles\bootstrap\scaffolding.less" />
        <File filename="~\Frontend\Styles\bootstrap\tables.less" />
        <File filename="~\Frontend\Styles\bootstrap\theme.less" />
        <File filename="~\Frontend\Styles\bootstrap\thumbnails.less" />
        <File filename="~\Frontend\Styles\bootstrap\tooltip.less" />
        <File filename="~\Frontend\Styles\bootstrap\type.less" />
        <File filename="~\Frontend\Styles\bootstrap\utilities.less" />
        <File filename="~\Frontend\Styles\bootstrap\variables.less" />
        <File filename="~\Frontend\Styles\bootstrap\wells.less" />
        <File filename="~\Frontend\Styles\flexslider\flexslider.css" />
        <File filename="~\Frontend\Styles\flexslider\flexslider.less" />
        <File filename="~\Frontend\Styles\flexslider\flexslider.min.css" />
        <File filename="~\Frontend\Styles\font-awesome\font-awesome.css" />
        <File filename="~\Frontend\Styles\includes\buttons.less" />
        <File filename="~\Frontend\Styles\includes\c1-variables.less" />
        <File filename="~\Frontend\Styles\includes\fixes.less" />
        <File filename="~\Frontend\Styles\includes\fonts.less" />
        <File filename="~\Frontend\Styles\includes\language-switcher.less" />
        <File filename="~\Frontend\Styles\includes\layout.less" />
        <File filename="~\Frontend\Styles\includes\main-nav.less" />
        <File filename="~\Frontend\Styles\includes\nav.less" />
        <File filename="~\Frontend\Styles\includes\navbar.less" />
        <File filename="~\Frontend\Styles\includes\page-cases.less" />
        <File filename="~\Frontend\Styles\includes\page-search.less" />
        <File filename="~\Frontend\Styles\includes\profiles.less" />
        <File filename="~\Frontend\Styles\includes\service-menu.less" />
        <File filename="~\Frontend\Styles\includes\typography.less" />
        <File filename="~\App_Data\PageTemplateFeatures\Aside Column.html" />
        <File filename="~\App_Data\PageTemplateFeatures\Breadcrumbs Navigation.html" />
        <File filename="~\App_Data\PageTemplateFeatures\Content Footer.html" />
        <File filename="~\App_Data\PageTemplateFeatures\Content Start.html" />
        <File filename="~\App_Data\PageTemplateFeatures\Descriptive HTML head elements.xml" />
        <File filename="~\App_Data\PageTemplateFeatures\Front Page Content Start.html" />
        <File filename="~\App_Data\PageTemplateFeatures\Main Navigation.html" />
        <File filename="~\App_Data\PageTemplateFeatures\Navigation Column.html" />
        <File filename="~\App_Data\PageTemplateFeatures\Page Footer.html" />
        <File filename="~\App_Data\PageTemplateFeatures\Service Menu.html" />
        <File filename="~\Frontend\Scripts\libs\bootstrap/bootstrap.min.js" />
        <File filename="~\Frontend\Scripts\libs\html5-3.4-respond-1.1.0.min.js" />
        <File filename="~\Frontend\Scripts\libs\jquery.equalHeightColumns.js" />
        <File filename="~\Frontend\Scripts\libs\jquery.flexslider.js" />
        <File filename="~\Frontend\Scripts\libs\modernizr-2.6.1-respond-1.1.0.min.js" />
        <File filename="~\Frontend\Scripts\bug-workarounds\ie10mobile-viewport.js" />
        <File filename="~\Frontend\Scripts\bug-workarounds\ie9mobile-font-icons.js" />
      </Files>
    </Add>
    <Add uninstallerType="Composite.Core.PackageSystem.PackageFragmentInstallers.DynamicDataTypePackageFragmentUninstaller,Composite">
      <Types xmlns="">
        <Type typeId="572c9c36-f1a8-4f21-b6d5-cd60c36c0b88" />
        <Type typeId="7bf8e0df-072a-40b8-8763-a2a8ae31a8b7" />
        <Type typeId="e3bde1bb-c1a7-416d-ace5-da54a80c8844" />
      </Types>
    </Add>
    <Add uninstallerType="Composite.Core.PackageSystem.PackageFragmentInstallers.DataPackageFragmentUninstaller,Composite">
      <Types xmlns="">
        <Type type="Composite.Data.Types.IInlineFunction,Composite" dataScopeIdentifier="public">
          <Datas>
            <Keys>
              <Key name="Id" value="70d32b70-9788-4e0a-a576-2beebf284d20" />
            </Keys>
          </Datas>
        </Type>
        <Type type="Composite.Data.Types.IInlineFunctionAssemblyReference,Composite" dataScopeIdentifier="public">
          <Datas>
            <Keys>
              <Key name="Id" value="069c27e9-6f18-4fab-b21d-ca922ebb8d72" />
            </Keys>
            <Keys>
              <Key name="Id" value="3eb6f622-9d7a-44ca-85d6-5bfb9bc3f2ec" />
            </Keys>
            <Keys>
              <Key name="Id" value="4138e7ed-1c2a-4aff-8546-9a77c300933a" />
            </Keys>
            <Keys>
              <Key name="Id" value="5778cfed-87a5-4bfe-844e-df684137291d" />
            </Keys>
            <Keys>
              <Key name="Id" value="a85ff004-1f72-4f61-9c91-6445c30b0b9e" />
            </Keys>
            <Keys>
              <Key name="Id" value="dd8cf160-6280-417e-9ac6-822f75281e53" />
            </Keys>
            <Keys>
              <Key name="Id" value="eb7c2937-27e5-422b-a0dc-c0b6190497b1" />
            </Keys>
            <Keys>
              <Key name="Id" value="fdebdd79-7929-4221-90c6-b5d52ee687b9" />
            </Keys>
          </Datas>
        </Type>
        <Type type="Composite.Data.Types.IPageType,Composite" dataScopeIdentifier="public">
          <Datas>
            <Keys>
              <Key name="Id" value="3d99b087-9eb7-4429-810a-2b89d76d52ff" />
            </Keys>
            <Keys>
              <Key name="Id" value="de22fed1-0729-4ad3-aa1c-6047e54bf429" />
            </Keys>
            <Keys>
              <Key name="Id" value="f7869eb2-7369-4eb2-af47-e3be261e92c7" />
            </Keys>
          </Datas>
        </Type>
        <Type type="Composite.Data.Types.IPageTypeDataFolderTypeLink,Composite" dataScopeIdentifier="public">
          <Datas>
            <Keys>
              <Key name="Id" value="44746c67-c115-49ca-9617-acb9ad2fc8f7" />
            </Keys>
          </Datas>
        </Type>
      </Types>
    </Add>
  </PackageFragmentUninstallers>
</PackageInstaller>