<?xml version="1.0"?>
<SubscribedTypesCache xmlns:xsi="http://www.w3.org/2001/XMLSchema-instance" xmlns:xsd="http://www.w3.org/2001/XMLSchema">
  <Assemblies>
    <AssemblyInfo>
      <SubscribedTypes />
      <AssemblyName>Antlr3.Runtime</AssemblyName>
      <LastModified>2015-03-18T14:28:00.3862679-04:00</LastModified>
    </AssemblyInfo>
    <AssemblyInfo>
      <SubscribedTypes>
        <string>Composite.Forms.FormBuilder.StartupHandler</string>
      </SubscribedTypes>
      <AssemblyName>Composite.Forms.FormBuilder</AssemblyName>
      <LastModified>2015-03-18T14:28:01.9062679-04:00</LastModified>
    </AssemblyInfo>
    <AssemblyInfo>
      <SubscribedTypes>
        <string>Composite.Web.BundlingAndMinification.StartupHandler+StatupHandler</string>
      </SubscribedTypes>
      <AssemblyName>Composite.Web.BundlingAndMinification</AssemblyName>
      <LastModified>2015-03-18T14:28:00.3372679-04:00</LastModified>
    </AssemblyInfo>
    <AssemblyInfo>
      <SubscribedTypes />
      <AssemblyName>Composite.Web.Css.Less</AssemblyName>
      <LastModified>2015-03-18T14:27:59.2642679-04:00</LastModified>
    </AssemblyInfo>
    <AssemblyInfo>
      <SubscribedTypes />
      <AssemblyName>WebGrease</AssemblyName>
      <LastModified>2015-03-18T14:28:00.1402679-04:00</LastModified>
    </AssemblyInfo>
    <AssemblyInfo>
      <SubscribedTypes />
      <AssemblyName>Composite.Media.ImageCrop</AssemblyName>
      <LastModified>2015-03-18T14:28:04.3252679-04:00</LastModified>
    </AssemblyInfo>
    <AssemblyInfo>
      <SubscribedTypes />
      <AssemblyName>Composite.Tools.LinkChecker</AssemblyName>
      <LastModified>2015-03-18T14:28:04.8882679-04:00</LastModified>
    </AssemblyInfo>
  </Assemblies>
</SubscribedTypesCache>