﻿<?xml version="1.0" encoding="utf-8"?>
<PackageInstaller xmlns="http://www.composite.net/ns/management/packageinstaller/1.0">
  <PackageFragmentUninstallers>
    <Add uninstallerType="Composite.Core.PackageSystem.PackageFragmentInstallers.DynamicDataTypePackageFragmentUninstaller,Composite">
      <Types xmlns="" />
    </Add>
    <Add uninstallerType="Composite.Core.PackageSystem.PackageFragmentInstallers.DataPackageFragmentUninstaller,Composite">
      <Types xmlns="">
        <Type type="Composite.Data.Types.IPageFolderDefinition,Composite" dataScopeIdentifier="public">
          <Datas>
            <Keys>
              <Key name="Id" value="ad0a684d-af3c-42b0-ab45-dfacd591ee58" />
            </Keys>
            <Keys>
              <Key name="Id" value="39683482-1176-4181-9818-cb00bd1eb29c" />
            </Keys>
            <Keys>
              <Key name="Id" value="34272c18-51bd-4b17-bbfa-fd6489510c20" />
            </Keys>
            <Keys>
              <Key name="Id" value="7b539b87-2464-4687-99df-a285893a0aff" />
            </Keys>
            <Keys>
              <Key name="Id" value="9cccc84e-6d9b-4039-9b5d-64083272b0f2" />
            </Keys>
          </Datas>
        </Type>
        <Type type="Composite.Data.Types.IPageStructure,Composite" dataScopeIdentifier="public">
          <Datas>
            <Keys>
              <Key name="Id" value="9ace435a-7970-40f7-8ca7-b6f5607fa589" />
            </Keys>
            <Keys>
              <Key name="Id" value="f90418c7-9654-4226-81c1-3b4e959f4f39" />
            </Keys>
            <Keys>
              <Key name="Id" value="9bdb7b6d-4e4f-41c9-bcc3-95b20bd8d796" />
            </Keys>
            <Keys>
              <Key name="Id" value="71a7dd7b-99ce-4981-b150-dbc1ff28c6b1" />
            </Keys>
            <Keys>
              <Key name="Id" value="369e79a7-9f08-4154-8dc5-b8d7b06e3828" />
            </Keys>
            <Keys>
              <Key name="Id" value="51460c2b-1c2a-4c09-a18f-35d8afac2e8f" />
            </Keys>
            <Keys>
              <Key name="Id" value="b49b64e3-ee0a-4b12-b55f-6228210e4e8f" />
            </Keys>
            <Keys>
              <Key name="Id" value="a3055286-0e90-4b04-99dd-fb1a61dde0bf" />
            </Keys>
          </Datas>
        </Type>
        <Type type="Composite.Data.Types.IPage,Composite" dataScopeIdentifier="administrated">
          <Datas locale="en-US">
            <Keys>
              <Key name="Id" value="9ace435a-7970-40f7-8ca7-b6f5607fa589" />
            </Keys>
            <Keys>
              <Key name="Id" value="f90418c7-9654-4226-81c1-3b4e959f4f39" />
            </Keys>
            <Keys>
              <Key name="Id" value="9bdb7b6d-4e4f-41c9-bcc3-95b20bd8d796" />
            </Keys>
            <Keys>
              <Key name="Id" value="71a7dd7b-99ce-4981-b150-dbc1ff28c6b1" />
            </Keys>
            <Keys>
              <Key name="Id" value="369e79a7-9f08-4154-8dc5-b8d7b06e3828" />
            </Keys>
            <Keys>
              <Key name="Id" value="51460c2b-1c2a-4c09-a18f-35d8afac2e8f" />
            </Keys>
            <Keys>
              <Key name="Id" value="b49b64e3-ee0a-4b12-b55f-6228210e4e8f" />
            </Keys>
            <Keys>
              <Key name="Id" value="a3055286-0e90-4b04-99dd-fb1a61dde0bf" />
            </Keys>
          </Datas>
        </Type>
        <Type type="Composite.Data.Types.IPage,Composite" dataScopeIdentifier="public">
          <Datas locale="en-US">
            <Keys>
              <Key name="Id" value="9ace435a-7970-40f7-8ca7-b6f5607fa589" />
            </Keys>
            <Keys>
              <Key name="Id" value="f90418c7-9654-4226-81c1-3b4e959f4f39" />
            </Keys>
            <Keys>
              <Key name="Id" value="9bdb7b6d-4e4f-41c9-bcc3-95b20bd8d796" />
            </Keys>
            <Keys>
              <Key name="Id" value="71a7dd7b-99ce-4981-b150-dbc1ff28c6b1" />
            </Keys>
            <Keys>
              <Key name="Id" value="369e79a7-9f08-4154-8dc5-b8d7b06e3828" />
            </Keys>
            <Keys>
              <Key name="Id" value="51460c2b-1c2a-4c09-a18f-35d8afac2e8f" />
            </Keys>
            <Keys>
              <Key name="Id" value="b49b64e3-ee0a-4b12-b55f-6228210e4e8f" />
            </Keys>
            <Keys>
              <Key name="Id" value="a3055286-0e90-4b04-99dd-fb1a61dde0bf" />
            </Keys>
          </Datas>
        </Type>
        <Type type="Composite.Data.Types.IPageMetaDataDefinition,Composite" dataScopeIdentifier="public">
          <Datas>
            <Keys>
              <Key name="Id" value="43fc51f5-7ac4-46c0-ae81-f5fef5376def" />
            </Keys>
          </Datas>
        </Type>
        <Type type="Composite.Data.Types.IPagePlaceholderContent,Composite" dataScopeIdentifier="administrated">
          <Datas locale="en-US">
            <Keys>
              <Key name="PageId" value="9ace435a-7970-40f7-8ca7-b6f5607fa589" />
              <Key name="PlaceHolderId" value="content" />
            </Keys>
            <Keys>
              <Key name="PageId" value="f90418c7-9654-4226-81c1-3b4e959f4f39" />
              <Key name="PlaceHolderId" value="content" />
            </Keys>
            <Keys>
              <Key name="PageId" value="9bdb7b6d-4e4f-41c9-bcc3-95b20bd8d796" />
              <Key name="PlaceHolderId" value="content" />
            </Keys>
            <Keys>
              <Key name="PageId" value="71a7dd7b-99ce-4981-b150-dbc1ff28c6b1" />
              <Key name="PlaceHolderId" value="content" />
            </Keys>
            <Keys>
              <Key name="PageId" value="71a7dd7b-99ce-4981-b150-dbc1ff28c6b1" />
              <Key name="PlaceHolderId" value="jumbotron" />
            </Keys>
            <Keys>
              <Key name="PageId" value="71a7dd7b-99ce-4981-b150-dbc1ff28c6b1" />
              <Key name="PlaceHolderId" value="left" />
            </Keys>
            <Keys>
              <Key name="PageId" value="71a7dd7b-99ce-4981-b150-dbc1ff28c6b1" />
              <Key name="PlaceHolderId" value="right" />
            </Keys>
            <Keys>
              <Key name="PageId" value="71a7dd7b-99ce-4981-b150-dbc1ff28c6b1" />
              <Key name="PlaceHolderId" value="title" />
            </Keys>
            <Keys>
              <Key name="PageId" value="369e79a7-9f08-4154-8dc5-b8d7b06e3828" />
              <Key name="PlaceHolderId" value="content" />
            </Keys>
            <Keys>
              <Key name="PageId" value="369e79a7-9f08-4154-8dc5-b8d7b06e3828" />
              <Key name="PlaceHolderId" value="jumbotron" />
            </Keys>
            <Keys>
              <Key name="PageId" value="369e79a7-9f08-4154-8dc5-b8d7b06e3828" />
              <Key name="PlaceHolderId" value="left" />
            </Keys>
            <Keys>
              <Key name="PageId" value="369e79a7-9f08-4154-8dc5-b8d7b06e3828" />
              <Key name="PlaceHolderId" value="right" />
            </Keys>
            <Keys>
              <Key name="PageId" value="369e79a7-9f08-4154-8dc5-b8d7b06e3828" />
              <Key name="PlaceHolderId" value="title" />
            </Keys>
            <Keys>
              <Key name="PageId" value="51460c2b-1c2a-4c09-a18f-35d8afac2e8f" />
              <Key name="PlaceHolderId" value="content" />
            </Keys>
            <Keys>
              <Key name="PageId" value="51460c2b-1c2a-4c09-a18f-35d8afac2e8f" />
              <Key name="PlaceHolderId" value="jumbotron" />
            </Keys>
            <Keys>
              <Key name="PageId" value="51460c2b-1c2a-4c09-a18f-35d8afac2e8f" />
              <Key name="PlaceHolderId" value="left" />
            </Keys>
            <Keys>
              <Key name="PageId" value="51460c2b-1c2a-4c09-a18f-35d8afac2e8f" />
              <Key name="PlaceHolderId" value="right" />
            </Keys>
            <Keys>
              <Key name="PageId" value="51460c2b-1c2a-4c09-a18f-35d8afac2e8f" />
              <Key name="PlaceHolderId" value="title" />
            </Keys>
            <Keys>
              <Key name="PageId" value="b49b64e3-ee0a-4b12-b55f-6228210e4e8f" />
              <Key name="PlaceHolderId" value="content" />
            </Keys>
            <Keys>
              <Key name="PageId" value="a3055286-0e90-4b04-99dd-fb1a61dde0bf" />
              <Key name="PlaceHolderId" value="content" />
            </Keys>
          </Datas>
        </Type>
        <Type type="Composite.Data.Types.IPagePlaceholderContent,Composite" dataScopeIdentifier="public">
          <Datas locale="en-US">
            <Keys>
              <Key name="PageId" value="9ace435a-7970-40f7-8ca7-b6f5607fa589" />
              <Key name="PlaceHolderId" value="content" />
            </Keys>
            <Keys>
              <Key name="PageId" value="f90418c7-9654-4226-81c1-3b4e959f4f39" />
              <Key name="PlaceHolderId" value="content" />
            </Keys>
            <Keys>
              <Key name="PageId" value="9bdb7b6d-4e4f-41c9-bcc3-95b20bd8d796" />
              <Key name="PlaceHolderId" value="content" />
            </Keys>
            <Keys>
              <Key name="PageId" value="71a7dd7b-99ce-4981-b150-dbc1ff28c6b1" />
              <Key name="PlaceHolderId" value="content" />
            </Keys>
            <Keys>
              <Key name="PageId" value="71a7dd7b-99ce-4981-b150-dbc1ff28c6b1" />
              <Key name="PlaceHolderId" value="jumbotron" />
            </Keys>
            <Keys>
              <Key name="PageId" value="71a7dd7b-99ce-4981-b150-dbc1ff28c6b1" />
              <Key name="PlaceHolderId" value="left" />
            </Keys>
            <Keys>
              <Key name="PageId" value="71a7dd7b-99ce-4981-b150-dbc1ff28c6b1" />
              <Key name="PlaceHolderId" value="right" />
            </Keys>
            <Keys>
              <Key name="PageId" value="71a7dd7b-99ce-4981-b150-dbc1ff28c6b1" />
              <Key name="PlaceHolderId" value="title" />
            </Keys>
            <Keys>
              <Key name="PageId" value="369e79a7-9f08-4154-8dc5-b8d7b06e3828" />
              <Key name="PlaceHolderId" value="content" />
            </Keys>
            <Keys>
              <Key name="PageId" value="369e79a7-9f08-4154-8dc5-b8d7b06e3828" />
              <Key name="PlaceHolderId" value="jumbotron" />
            </Keys>
            <Keys>
              <Key name="PageId" value="369e79a7-9f08-4154-8dc5-b8d7b06e3828" />
              <Key name="PlaceHolderId" value="left" />
            </Keys>
            <Keys>
              <Key name="PageId" value="369e79a7-9f08-4154-8dc5-b8d7b06e3828" />
              <Key name="PlaceHolderId" value="right" />
            </Keys>
            <Keys>
              <Key name="PageId" value="369e79a7-9f08-4154-8dc5-b8d7b06e3828" />
              <Key name="PlaceHolderId" value="title" />
            </Keys>
            <Keys>
              <Key name="PageId" value="51460c2b-1c2a-4c09-a18f-35d8afac2e8f" />
              <Key name="PlaceHolderId" value="content" />
            </Keys>
            <Keys>
              <Key name="PageId" value="51460c2b-1c2a-4c09-a18f-35d8afac2e8f" />
              <Key name="PlaceHolderId" value="jumbotron" />
            </Keys>
            <Keys>
              <Key name="PageId" value="51460c2b-1c2a-4c09-a18f-35d8afac2e8f" />
              <Key name="PlaceHolderId" value="left" />
            </Keys>
            <Keys>
              <Key name="PageId" value="51460c2b-1c2a-4c09-a18f-35d8afac2e8f" />
              <Key name="PlaceHolderId" value="right" />
            </Keys>
            <Keys>
              <Key name="PageId" value="51460c2b-1c2a-4c09-a18f-35d8afac2e8f" />
              <Key name="PlaceHolderId" value="title" />
            </Keys>
            <Keys>
              <Key name="PageId" value="b49b64e3-ee0a-4b12-b55f-6228210e4e8f" />
              <Key name="PlaceHolderId" value="content" />
            </Keys>
            <Keys>
              <Key name="PageId" value="a3055286-0e90-4b04-99dd-fb1a61dde0bf" />
              <Key name="PlaceHolderId" value="content" />
            </Keys>
          </Datas>
        </Type>
        <Type type="Composite.StarterSite.Data.Case" dataScopeIdentifier="administrated">
          <Datas locale="en-US">
            <Keys>
              <Key name="Id" value="4b2baa85-05c1-4d7c-80c2-629a67b6fc37" />
            </Keys>
            <Keys>
              <Key name="Id" value="ac377b65-37d1-4b83-ada3-158d3cccf1a4" />
            </Keys>
            <Keys>
              <Key name="Id" value="f714d97d-d414-4dd8-9468-f362795c2e62" />
            </Keys>
          </Datas>
        </Type>
        <Type type="Composite.StarterSite.Data.Case" dataScopeIdentifier="public">
          <Datas locale="en-US">
            <Keys>
              <Key name="Id" value="4b2baa85-05c1-4d7c-80c2-629a67b6fc37" />
            </Keys>
            <Keys>
              <Key name="Id" value="ac377b65-37d1-4b83-ada3-158d3cccf1a4" />
            </Keys>
            <Keys>
              <Key name="Id" value="f714d97d-d414-4dd8-9468-f362795c2e62" />
            </Keys>
          </Datas>
        </Type>
        <Type type="Composite.StarterSite.Data.JumbotronSlide" dataScopeIdentifier="administrated">
          <Datas>
            <Keys>
              <Key name="Id" value="7b2091e0-0479-4357-9d2d-f2d941f9b977" />
            </Keys>
            <Keys>
              <Key name="Id" value="87b642ea-1fcc-477a-8775-a77bf8090931" />
            </Keys>
            <Keys>
              <Key name="Id" value="e9c1576a-adf2-4641-8896-e173648c40d3" />
            </Keys>
            <Keys>
              <Key name="Id" value="35ce1be0-7464-431c-82b7-505bf7dd29b0" />
            </Keys>
            <Keys>
              <Key name="Id" value="6818897b-ed2f-43d6-80e5-4a078117a410" />
            </Keys>
            <Keys>
              <Key name="Id" value="99b1d70d-2860-4ecb-8e3c-0b8d8a980710" />
            </Keys>
          </Datas>
        </Type>
        <Type type="Composite.StarterSite.Data.JumbotronSlide" dataScopeIdentifier="public">
          <Datas>
            <Keys>
              <Key name="Id" value="7b2091e0-0479-4357-9d2d-f2d941f9b977" />
            </Keys>
            <Keys>
              <Key name="Id" value="87b642ea-1fcc-477a-8775-a77bf8090931" />
            </Keys>
            <Keys>
              <Key name="Id" value="e9c1576a-adf2-4641-8896-e173648c40d3" />
            </Keys>
            <Keys>
              <Key name="Id" value="35ce1be0-7464-431c-82b7-505bf7dd29b0" />
            </Keys>
            <Keys>
              <Key name="Id" value="6818897b-ed2f-43d6-80e5-4a078117a410" />
            </Keys>
            <Keys>
              <Key name="Id" value="99b1d70d-2860-4ecb-8e3c-0b8d8a980710" />
            </Keys>
          </Datas>
        </Type>
        <Type type="Layout.Navigation.TopLink" dataScopeIdentifier="public">
          <Datas locale="en-US">
            <Keys>
              <Key name="Id" value="f519ebda-62cd-4c90-92ba-a834ffb8299d" />
            </Keys>
          </Datas>
        </Type>
      </Types>
    </Add>
  </PackageFragmentUninstallers>
</PackageInstaller>