﻿<?xml version="1.0" encoding="utf-8"?>
<PackageInstaller xmlns="http://www.composite.net/ns/management/packageinstaller/1.0">
  <PackageFragmentUninstallers>
    <Add uninstallerType="Composite.Core.PackageSystem.PackageFragmentInstallers.DataPackageFragmentUninstaller,Composite">
      <Types xmlns="">
        <Type type="Composite.Data.Types.IPageStructure,Composite" dataScopeIdentifier="public">
          <Datas>
            <Keys>
              <Key name="Id" value="4c7a5165-0357-4931-b3d0-d33ca8545541" />
            </Keys>
          </Datas>
        </Type>
        <Type type="Composite.Data.Types.IPage,Composite" dataScopeIdentifier="administrated">
          <Datas locale="en-US">
            <Keys>
              <Key name="Id" value="4c7a5165-0357-4931-b3d0-d33ca8545541" />
            </Keys>
          </Datas>
        </Type>
        <Type type="Composite.Data.Types.IPage,Composite" dataScopeIdentifier="public">
          <Datas locale="en-US">
            <Keys>
              <Key name="Id" value="4c7a5165-0357-4931-b3d0-d33ca8545541" />
            </Keys>
          </Datas>
        </Type>
        <Type type="Composite.Data.Types.IPagePlaceholderContent,Composite" dataScopeIdentifier="administrated">
          <Datas locale="en-US">
            <Keys>
              <Key name="PageId" value="4c7a5165-0357-4931-b3d0-d33ca8545541" />
              <Key name="PlaceHolderId" value="content" />
            </Keys>
            <Keys>
              <Key name="PageId" value="4c7a5165-0357-4931-b3d0-d33ca8545541" />
              <Key name="PlaceHolderId" value="start" />
            </Keys>
          </Datas>
        </Type>
        <Type type="Composite.Data.Types.IPagePlaceholderContent,Composite" dataScopeIdentifier="public">
          <Datas locale="en-US">
            <Keys>
              <Key name="PageId" value="4c7a5165-0357-4931-b3d0-d33ca8545541" />
              <Key name="PlaceHolderId" value="content" />
            </Keys>
            <Keys>
              <Key name="PageId" value="4c7a5165-0357-4931-b3d0-d33ca8545541" />
              <Key name="PlaceHolderId" value="start" />
            </Keys>
          </Datas>
        </Type>
      </Types>
    </Add>
  </PackageFragmentUninstallers>
</PackageInstaller>