﻿<?xml version="1.0" encoding="utf-8"?>
<PackageInstaller xmlns="http://www.composite.net/ns/management/packageinstaller/1.0">
  <PackageFragmentUninstallers>
    <Add uninstallerType="Composite.Core.PackageSystem.PackageFragmentInstallers.DataPackageFragmentUninstaller,Composite">
      <Types xmlns="">
        <Type type="Composite.Data.Types.IPageStructure,Composite" dataScopeIdentifier="public">
          <Datas>
            <Keys>
              <Key name="Id" value="e8be7c4b-870f-4dfb-91b5-7c4b7bec408f" />
            </Keys>
            <Keys>
              <Key name="Id" value="1744a4e2-849b-4f8e-a612-702192e3dc69" />
            </Keys>
            <Keys>
              <Key name="Id" value="dfb6e1ac-ea0d-4c50-b8b7-bb6046fd3a11" />
            </Keys>
            <Keys>
              <Key name="Id" value="3a613405-9990-47a6-8f00-672a8e6de9e7" />
            </Keys>
          </Datas>
        </Type>
        <Type type="Composite.Data.Types.IPage,Composite" dataScopeIdentifier="administrated">
          <Datas locale="en-US">
            <Keys>
              <Key name="Id" value="e8be7c4b-870f-4dfb-91b5-7c4b7bec408f" />
            </Keys>
            <Keys>
              <Key name="Id" value="1744a4e2-849b-4f8e-a612-702192e3dc69" />
            </Keys>
            <Keys>
              <Key name="Id" value="dfb6e1ac-ea0d-4c50-b8b7-bb6046fd3a11" />
            </Keys>
            <Keys>
              <Key name="Id" value="3a613405-9990-47a6-8f00-672a8e6de9e7" />
            </Keys>
          </Datas>
        </Type>
        <Type type="Composite.Data.Types.IPage,Composite" dataScopeIdentifier="public">
          <Datas locale="en-US">
            <Keys>
              <Key name="Id" value="e8be7c4b-870f-4dfb-91b5-7c4b7bec408f" />
            </Keys>
            <Keys>
              <Key name="Id" value="1744a4e2-849b-4f8e-a612-702192e3dc69" />
            </Keys>
            <Keys>
              <Key name="Id" value="dfb6e1ac-ea0d-4c50-b8b7-bb6046fd3a11" />
            </Keys>
            <Keys>
              <Key name="Id" value="3a613405-9990-47a6-8f00-672a8e6de9e7" />
            </Keys>
          </Datas>
        </Type>
        <Type type="Composite.Data.Types.IPagePlaceholderContent,Composite" dataScopeIdentifier="administrated">
          <Datas locale="en-US">
            <Keys>
              <Key name="PageId" value="e8be7c4b-870f-4dfb-91b5-7c4b7bec408f" />
              <Key name="PlaceHolderId" value="content" />
            </Keys>
            <Keys>
              <Key name="PageId" value="1744a4e2-849b-4f8e-a612-702192e3dc69" />
              <Key name="PlaceHolderId" value="content" />
            </Keys>
            <Keys>
              <Key name="PageId" value="1744a4e2-849b-4f8e-a612-702192e3dc69" />
              <Key name="PlaceHolderId" value="start" />
            </Keys>
            <Keys>
              <Key name="PageId" value="dfb6e1ac-ea0d-4c50-b8b7-bb6046fd3a11" />
              <Key name="PlaceHolderId" value="content" />
            </Keys>
            <Keys>
              <Key name="PageId" value="3a613405-9990-47a6-8f00-672a8e6de9e7" />
              <Key name="PlaceHolderId" value="content" />
            </Keys>
            <Keys>
              <Key name="PageId" value="3a613405-9990-47a6-8f00-672a8e6de9e7" />
              <Key name="PlaceHolderId" value="start" />
            </Keys>
          </Datas>
        </Type>
        <Type type="Composite.Data.Types.IPagePlaceholderContent,Composite" dataScopeIdentifier="public">
          <Datas locale="en-US">
            <Keys>
              <Key name="PageId" value="e8be7c4b-870f-4dfb-91b5-7c4b7bec408f" />
              <Key name="PlaceHolderId" value="content" />
            </Keys>
            <Keys>
              <Key name="PageId" value="1744a4e2-849b-4f8e-a612-702192e3dc69" />
              <Key name="PlaceHolderId" value="content" />
            </Keys>
            <Keys>
              <Key name="PageId" value="1744a4e2-849b-4f8e-a612-702192e3dc69" />
              <Key name="PlaceHolderId" value="start" />
            </Keys>
            <Keys>
              <Key name="PageId" value="dfb6e1ac-ea0d-4c50-b8b7-bb6046fd3a11" />
              <Key name="PlaceHolderId" value="content" />
            </Keys>
            <Keys>
              <Key name="PageId" value="3a613405-9990-47a6-8f00-672a8e6de9e7" />
              <Key name="PlaceHolderId" value="content" />
            </Keys>
            <Keys>
              <Key name="PageId" value="3a613405-9990-47a6-8f00-672a8e6de9e7" />
              <Key name="PlaceHolderId" value="start" />
            </Keys>
          </Datas>
        </Type>
      </Types>
    </Add>
  </PackageFragmentUninstallers>
</PackageInstaller>