﻿<?xml version="1.0" encoding="utf-8"?>
<PackageInstaller xmlns="http://www.composite.net/ns/management/packageinstaller/1.0">
  <PackageFragmentUninstallers>
    <Add uninstallerType="Composite.Core.PackageSystem.PackageFragmentInstallers.FilePackageFragmentUninstaller,Composite">
      <Files xmlns="">
        <File filename="~\App_Data/Razor/Composite/Lists/Profiles.cshtml" />
      </Files>
    </Add>
    <Add uninstallerType="Composite.Core.PackageSystem.PackageFragmentInstallers.DynamicDataTypePackageFragmentUninstaller,Composite">
      <Types xmlns="">
        <Type typeId="6b78cfc9-d40a-4564-837f-f7beb7d0c28b" />
        <Type typeId="b297cb23-23a9-4b05-8b51-fed9750c534f" />
      </Types>
    </Add>
    <Add uninstallerType="Composite.Core.PackageSystem.PackageFragmentInstallers.DataPackageFragmentUninstaller,Composite">
      <Types xmlns="">
        <Type type="Composite.Data.Types.IGeneratedTypeWhiteList,Composite" dataScopeIdentifier="administrated">
          <Datas>
            <Keys>
              <Key name="TypeManagerTypeName" value="Composite.Lists.Profiles.Group" />
            </Keys>
          </Datas>
        </Type>
        <Type type="Composite.Lists.Profiles.Group" dataScopeIdentifier="public">
          <Datas locale="en-US">
            <Keys>
              <Key name="Id" value="d73ce6e2-35ae-40af-af01-ee83bbde520d" />
            </Keys>
          </Datas>
        </Type>
      </Types>
    </Add>
  </PackageFragmentUninstallers>
</PackageInstaller>